-- phpMyAdmin SQL Dump
-- version 4.8.4
-- https://www.phpmyadmin.net/
--
-- Host: 127.0.0.1:3306
-- Generation Time: Apr 07, 2019 at 10:41 AM
-- Server version: 5.7.24
-- PHP Version: 7.2.14

SET SQL_MODE = "NO_AUTO_VALUE_ON_ZERO";
SET AUTOCOMMIT = 0;
START TRANSACTION;
SET time_zone = "+00:00";


/*!40101 SET @OLD_CHARACTER_SET_CLIENT=@@CHARACTER_SET_CLIENT */;
/*!40101 SET @OLD_CHARACTER_SET_RESULTS=@@CHARACTER_SET_RESULTS */;
/*!40101 SET @OLD_COLLATION_CONNECTION=@@COLLATION_CONNECTION */;
/*!40101 SET NAMES utf8mb4 */;

--
-- Database: `ecrapi`
--

-- --------------------------------------------------------

--
-- Table structure for table `migrations`
--

DROP TABLE IF EXISTS `migrations`;
CREATE TABLE IF NOT EXISTS `migrations` (
  `id` int(10) UNSIGNED NOT NULL AUTO_INCREMENT,
  `migration` varchar(255) COLLATE utf8mb4_unicode_ci NOT NULL,
  `batch` int(11) NOT NULL,
  PRIMARY KEY (`id`)
) ENGINE=MyISAM AUTO_INCREMENT=3 DEFAULT CHARSET=utf8mb4 COLLATE=utf8mb4_unicode_ci;

--
-- Dumping data for table `migrations`
--

INSERT INTO `migrations` (`id`, `migration`, `batch`) VALUES
(1, '2019_04_07_050729_create_products_table', 1),
(2, '2019_04_07_050938_create_reviews_table', 2);

-- --------------------------------------------------------

--
-- Table structure for table `password_resets`
--

DROP TABLE IF EXISTS `password_resets`;
CREATE TABLE IF NOT EXISTS `password_resets` (
  `email` varchar(255) COLLATE utf8mb4_unicode_ci NOT NULL,
  `token` varchar(255) COLLATE utf8mb4_unicode_ci NOT NULL,
  `created_at` timestamp NULL DEFAULT NULL
) ENGINE=MyISAM DEFAULT CHARSET=utf8mb4 COLLATE=utf8mb4_unicode_ci;

-- --------------------------------------------------------

--
-- Table structure for table `products`
--

DROP TABLE IF EXISTS `products`;
CREATE TABLE IF NOT EXISTS `products` (
  `id` int(10) UNSIGNED NOT NULL AUTO_INCREMENT,
  `name` varchar(255) COLLATE utf8mb4_unicode_ci NOT NULL,
  `detail` text COLLATE utf8mb4_unicode_ci NOT NULL,
  `price` int(11) NOT NULL,
  `stock` int(11) NOT NULL,
  `discount` int(11) NOT NULL,
  `created_at` timestamp NULL DEFAULT NULL,
  `updated_at` timestamp NULL DEFAULT NULL,
  PRIMARY KEY (`id`)
) ENGINE=MyISAM AUTO_INCREMENT=101 DEFAULT CHARSET=utf8mb4 COLLATE=utf8mb4_unicode_ci;

--
-- Dumping data for table `products`
--

INSERT INTO `products` (`id`, `name`, `detail`, `price`, `stock`, `discount`, `created_at`, `updated_at`) VALUES
(1, 'ullam', 'Incidunt exercitationem cumque ducimus dolorem enim ducimus. Consequatur praesentium nemo qui eaque sunt qui.', 236, 4, 15, '2019-04-07 04:34:11', '2019-04-07 04:34:11'),
(2, 'consequatur', 'Illo dolores quidem voluptatem dignissimos officiis officiis et. Officiis ratione sunt ex. Optio ex et nihil quod hic mollitia sit.', 467, 0, 24, '2019-04-07 04:34:11', '2019-04-07 04:34:11'),
(3, 'qui', 'Omnis perspiciatis quo minus qui omnis quo. Debitis ea inventore itaque fugit repellat. Aliquid voluptas doloribus magnam voluptas rerum nesciunt vitae fugiat.', 510, 3, 24, '2019-04-07 04:34:11', '2019-04-07 04:34:11'),
(4, 'iure', 'Perferendis illum aut assumenda praesentium. Sapiente nam neque autem velit. Minima rerum eum sed. Hic sunt odit sed amet.', 852, 3, 15, '2019-04-07 04:34:11', '2019-04-07 04:34:11'),
(5, 'odio', 'Et et distinctio ipsam eligendi. Est voluptates consequatur et tempora nihil vel soluta. Atque atque dolores doloribus recusandae sunt officia praesentium.', 978, 9, 26, '2019-04-07 04:34:11', '2019-04-07 04:34:11'),
(6, 'autem', 'Consequatur soluta laudantium odit ut sapiente exercitationem et ex. Repudiandae dolore atque cupiditate dolor et inventore. Itaque ut tempore eligendi suscipit dolor soluta. Autem est dolores occaecati autem.', 389, 3, 12, '2019-04-07 04:34:11', '2019-04-07 04:34:11'),
(7, 'magni', 'Fugit quia doloremque animi quibusdam velit error nostrum laudantium. Reprehenderit commodi maxime ex reprehenderit sint harum. Fugiat ad qui optio. Rerum molestiae cumque asperiores enim nam debitis aliquam commodi.', 953, 3, 19, '2019-04-07 04:34:11', '2019-04-07 04:34:11'),
(8, 'aut', 'Id officia odit accusantium voluptatum impedit. A facere quo expedita minus eligendi qui recusandae. Molestiae neque soluta neque deserunt. Soluta nam quis explicabo quidem error.', 402, 4, 9, '2019-04-07 04:34:11', '2019-04-07 04:34:11'),
(9, 'earum', 'Sint atque dolorem harum non. Alias sed incidunt ut quisquam esse eaque.', 836, 1, 23, '2019-04-07 04:34:11', '2019-04-07 04:34:11'),
(10, 'ut', 'Assumenda eos autem nihil beatae repellendus. Velit libero eos et ut. Vel ut esse tempora possimus. Et quia aut id ipsam facilis voluptatem.', 413, 6, 26, '2019-04-07 04:34:11', '2019-04-07 04:34:11'),
(11, 'rerum', 'Ut iusto et quis ut officia. Voluptatem mollitia nulla perferendis. Quidem vitae qui quas. Earum sunt pariatur consequuntur quidem blanditiis voluptate vitae.', 932, 2, 12, '2019-04-07 04:34:11', '2019-04-07 04:34:11'),
(12, 'natus', 'Nisi voluptatibus nemo harum blanditiis accusamus. Minus numquam quis quidem nisi ab. Autem neque corrupti consectetur ut similique.', 322, 5, 25, '2019-04-07 04:34:11', '2019-04-07 04:34:11'),
(13, 'dolor', 'Exercitationem expedita earum sunt omnis. Vero vitae dolores sed at illo. Iusto corrupti aliquid atque praesentium odio sit est. Doloribus quas id maxime.', 578, 7, 15, '2019-04-07 04:34:11', '2019-04-07 04:34:11'),
(14, 'similique', 'Fugit et quos voluptatem id est id voluptatem. Non et nulla eos numquam quis rem. Eligendi consequatur dolorem eveniet voluptas dolorem animi sit saepe.', 302, 6, 14, '2019-04-07 04:34:11', '2019-04-07 04:34:11'),
(15, 'dicta', 'Et iusto quam dignissimos dignissimos quod quibusdam. Quis nesciunt quidem illo et. Vitae suscipit iste nihil aut. Aliquam eum rerum voluptate asperiores.', 268, 0, 28, '2019-04-07 04:34:11', '2019-04-07 04:34:11'),
(16, 'impedit', 'Esse ratione qui tempora est commodi ratione dolor quae. Ex non ducimus dolor incidunt officia numquam. Corporis ipsa dolores dolorem id facilis ad eos quidem. Quaerat modi neque amet placeat itaque provident quis. Perspiciatis vero dolorem quo rerum qui.', 537, 9, 5, '2019-04-07 04:34:11', '2019-04-07 04:34:11'),
(17, 'aliquid', 'Debitis eius sint ab quos voluptas dicta. Neque ex ea eligendi voluptas aut aut ipsam. Commodi ut facilis est occaecati molestiae numquam.', 300, 0, 24, '2019-04-07 04:34:11', '2019-04-07 04:34:11'),
(18, 'minima', 'Quas magnam sed repellat. Tempora impedit quis facere voluptatem ut. Amet corrupti amet amet tenetur et accusantium quam. Dignissimos et dolorem necessitatibus animi dolor.', 188, 3, 16, '2019-04-07 04:34:11', '2019-04-07 04:34:11'),
(19, 'perspiciatis', 'Impedit deserunt nulla rerum et. Ea sed praesentium at soluta. A modi dolor iste qui.', 768, 2, 14, '2019-04-07 04:34:11', '2019-04-07 04:34:11'),
(20, 'quam', 'Voluptatibus corporis consequatur maiores sunt qui enim impedit ipsa. Velit sequi voluptas et qui. Qui sed animi ullam adipisci voluptates necessitatibus perspiciatis.', 843, 0, 12, '2019-04-07 04:34:11', '2019-04-07 04:34:11'),
(21, 'vero', 'Ut aut nobis odit omnis quibusdam. Sed iusto dolorem quas illo. Et accusantium aut eos.', 464, 4, 4, '2019-04-07 04:34:11', '2019-04-07 04:34:11'),
(22, 'qui', 'Veniam repellat eaque repudiandae qui. Explicabo dolor officia nobis at est porro. Sit velit nostrum fugiat.', 422, 8, 23, '2019-04-07 04:34:11', '2019-04-07 04:34:11'),
(23, 'hic', 'Velit consequatur dolorem vero. Voluptatum similique vitae sunt quibusdam et ab aspernatur. Vitae nesciunt fugit perspiciatis reiciendis beatae.', 455, 1, 23, '2019-04-07 04:34:11', '2019-04-07 04:34:11'),
(24, 'enim', 'Quia nesciunt sit incidunt laudantium atque. Eaque magnam aut sunt accusantium doloribus. Quis dolorem tempora consequatur saepe. Deserunt dolor temporibus voluptas quis.', 216, 0, 13, '2019-04-07 04:34:11', '2019-04-07 04:34:11'),
(25, 'ratione', 'Quos debitis perferendis vero. Labore quis iste voluptatibus. In exercitationem magnam molestiae sit. Fuga sed ut nobis eum rerum. Dolores at odit quo odit quo sint.', 844, 1, 28, '2019-04-07 04:34:11', '2019-04-07 04:34:11'),
(26, 'sequi', 'Asperiores occaecati sint ex nesciunt vero non corporis modi. Et maxime atque nesciunt enim sequi aut. Necessitatibus perspiciatis et aperiam et porro. Quasi voluptatibus doloremque est est. Itaque minus odit autem natus ipsam.', 368, 4, 7, '2019-04-07 04:34:11', '2019-04-07 04:34:11'),
(27, 'et', 'Qui non totam fugit ea praesentium. Aperiam voluptatem reprehenderit animi recusandae. Qui rerum corrupti rerum. Repellendus aut quis sunt. Aut possimus beatae id velit excepturi omnis nostrum adipisci.', 348, 0, 9, '2019-04-07 04:34:11', '2019-04-07 04:34:11'),
(28, 'officia', 'Veritatis quaerat voluptate et rerum earum consectetur distinctio. Earum quod explicabo in omnis in ut. Aut aut quasi corrupti architecto illo non hic quam. Autem accusantium et soluta vero omnis debitis harum.', 909, 9, 2, '2019-04-07 04:34:11', '2019-04-07 04:34:11'),
(29, 'omnis', 'Sequi optio similique saepe adipisci. Aperiam maxime eum at repudiandae eum. Quo pariatur aspernatur aliquam magni culpa. Adipisci libero quas expedita cum.', 426, 7, 18, '2019-04-07 04:34:11', '2019-04-07 04:34:11'),
(30, 'quidem', 'Incidunt velit nostrum rerum ut blanditiis veritatis. Delectus iusto et aperiam aut aut quibusdam ut. Repudiandae pariatur aliquid aliquid. Ut eum consequatur consequuntur consequuntur mollitia.', 794, 3, 24, '2019-04-07 04:34:11', '2019-04-07 04:34:11'),
(31, 'in', 'Dolorem laborum fugiat in qui autem cupiditate accusantium. Sed provident et inventore nulla beatae qui et aspernatur. Explicabo odio eos vero ea consequuntur. Praesentium laborum odio sapiente voluptatum ut aut iusto.', 453, 3, 21, '2019-04-07 04:34:11', '2019-04-07 04:34:11'),
(32, 'sit', 'Est vitae sunt voluptas rerum voluptatum voluptas nam voluptas. Repellendus eum in assumenda molestiae commodi. Nulla explicabo et recusandae mollitia.', 138, 9, 30, '2019-04-07 04:34:11', '2019-04-07 04:34:11'),
(33, 'qui', 'Maiores ut nam repellendus et officia facere numquam sit. Beatae reiciendis consequuntur ducimus saepe. Nulla cupiditate sit dolores id aut doloribus ut. Quia nobis facilis voluptatem eaque perferendis aut dolor.', 249, 8, 24, '2019-04-07 04:34:11', '2019-04-07 04:34:11'),
(34, 'pariatur', 'Assumenda nam expedita quis dolor quibusdam quo nesciunt explicabo. Sit atque quisquam suscipit illum. Tenetur ipsam debitis beatae sit at expedita commodi. Iure facere dolorum deserunt ut eum.', 134, 2, 18, '2019-04-07 04:34:11', '2019-04-07 04:34:11'),
(35, 'sint', 'Eligendi provident ad perspiciatis. Cumque labore quia saepe aliquam maiores laborum culpa deleniti. Perferendis alias ad nobis magni non id aut. Aut eum veritatis maxime sed.', 294, 3, 16, '2019-04-07 04:34:11', '2019-04-07 04:34:11'),
(36, 'velit', 'Illo cumque maiores porro. In illo adipisci reprehenderit voluptatibus ducimus officia asperiores. Nostrum sit eos eum molestiae repellat dolorum perferendis.', 648, 1, 2, '2019-04-07 04:34:11', '2019-04-07 04:34:11'),
(37, 'consequatur', 'Ut quis in a. Illum ut sequi est vero. Sapiente et aut velit facere vero enim.', 701, 9, 4, '2019-04-07 04:34:11', '2019-04-07 04:34:11'),
(38, 'qui', 'Alias eum aliquid quidem qui error. Deserunt exercitationem aut amet natus culpa. Quasi nihil nesciunt quae neque et maiores nemo excepturi. Soluta ut ipsum animi consequatur numquam inventore.', 222, 5, 10, '2019-04-07 04:34:11', '2019-04-07 04:34:11'),
(39, 'est', 'Tempora accusantium at doloribus fuga similique libero. Ad deleniti est ut tenetur dolorem totam rem. Ducimus enim explicabo atque quasi autem ut nihil sequi. Corrupti odit dolor quae sed est non.', 740, 5, 19, '2019-04-07 04:34:11', '2019-04-07 04:34:11'),
(40, 'non', 'Est fugit eius est sit. Aspernatur nostrum autem laboriosam corporis est impedit tempore unde. Quia eum officiis et suscipit deserunt. Qui eos illum perspiciatis aut voluptatibus facilis voluptas architecto.', 815, 0, 26, '2019-04-07 04:34:11', '2019-04-07 04:34:11'),
(41, 'tempore', 'Fuga et quas architecto voluptatem suscipit enim officiis. Autem vero harum sint rem ut exercitationem qui. Excepturi dignissimos rerum excepturi non. Quasi ullam commodi quaerat. Quidem et iste aut quia.', 713, 5, 28, '2019-04-07 04:34:11', '2019-04-07 04:34:11'),
(42, 'quaerat', 'Eveniet rerum rerum sit voluptatem impedit. Sed est consequatur et deserunt. Eos quis voluptatem quia vero minus. Atque omnis nihil est.', 973, 6, 9, '2019-04-07 04:34:11', '2019-04-07 04:34:11'),
(43, 'repudiandae', 'Dolore est dolor est alias itaque debitis. Et consequatur quis accusantium aspernatur eos. Possimus in officia quas saepe veritatis quasi praesentium. Velit autem corporis debitis sed eligendi.', 732, 1, 24, '2019-04-07 04:34:11', '2019-04-07 04:34:11'),
(44, 'omnis', 'Dolorem reprehenderit et totam vero nemo a maiores. Consequatur molestiae magnam ipsam veniam.', 373, 1, 7, '2019-04-07 04:34:11', '2019-04-07 04:34:11'),
(45, 'nihil', 'Ipsam cum in suscipit et. Maiores voluptatem magni quis sunt.', 426, 7, 5, '2019-04-07 04:34:11', '2019-04-07 04:34:11'),
(46, 'sunt', 'Quia iure cum sed nihil quos. Tenetur fugiat quia quis non iste ullam eligendi. Nam provident optio aut corrupti asperiores vitae et.', 559, 5, 17, '2019-04-07 04:34:11', '2019-04-07 04:34:11'),
(47, 'architecto', 'Ut quasi qui provident quaerat voluptatem porro. Amet amet adipisci delectus voluptas. Ad vel veniam sint est rerum labore.', 503, 8, 16, '2019-04-07 04:34:11', '2019-04-07 04:34:11'),
(48, 'cupiditate', 'Aut unde et et magni quos enim assumenda. Ipsa fuga voluptatem unde autem et aut. Facere accusantium quia sunt omnis. Ipsam ad nihil alias cupiditate maxime incidunt doloremque.', 106, 9, 29, '2019-04-07 04:34:11', '2019-04-07 04:34:11'),
(49, 'officiis', 'Vel nobis delectus rerum. Eos sit velit aut illum sint vel ut. Nam possimus eum nemo quaerat. Cum et eum voluptas commodi laudantium.', 333, 8, 18, '2019-04-07 04:34:11', '2019-04-07 04:34:11'),
(50, 'deserunt', 'Omnis consequatur quo illum ducimus eos tempore voluptas. Sit et non nobis. Ipsum quia aut necessitatibus quis et magnam eum sunt. Quibusdam autem vitae velit excepturi.', 266, 6, 25, '2019-04-07 04:34:11', '2019-04-07 04:34:11'),
(51, 'quasi', 'Debitis fugit sint dolor corporis repudiandae qui sit. Iste molestiae harum iure illum minus aspernatur reiciendis. Amet enim aut voluptatum aut est.', 123, 0, 17, '2019-04-07 04:34:47', '2019-04-07 04:34:47'),
(52, 'ut', 'Voluptas aperiam et minima necessitatibus iure distinctio. Numquam enim odit perspiciatis pariatur voluptas. Animi occaecati accusamus facilis.', 187, 8, 21, '2019-04-07 04:34:47', '2019-04-07 04:34:47'),
(53, 'quia', 'Facere enim ducimus quos est consectetur temporibus. Sequi dolor omnis tempore facilis. Consequatur accusantium et asperiores cumque ad placeat cum. Quam et est quibusdam dicta quia omnis culpa.', 455, 3, 3, '2019-04-07 04:34:47', '2019-04-07 04:34:47'),
(54, 'aut', 'Pariatur at distinctio quo eos. In ipsum consequuntur repellendus molestiae doloribus eos. Fugit qui id quia enim autem quia eligendi non.', 910, 1, 4, '2019-04-07 04:34:47', '2019-04-07 04:34:47'),
(55, 'ipsa', 'Quod molestiae dolorem ratione beatae consequatur labore similique. Voluptatem consequatur consequuntur vel adipisci.', 779, 4, 3, '2019-04-07 04:34:47', '2019-04-07 04:34:47'),
(56, 'perspiciatis', 'Ipsum ratione quo atque earum a aut. Voluptatem vitae laboriosam quis earum. Provident sint optio dolorem rerum non a atque.', 322, 1, 15, '2019-04-07 04:34:47', '2019-04-07 04:34:47'),
(57, 'sapiente', 'Fugiat magnam incidunt quo dolorum. Facere minima cumque dolores sint. Soluta consectetur excepturi saepe est accusantium vel et doloribus.', 315, 1, 28, '2019-04-07 04:34:47', '2019-04-07 04:34:47'),
(58, 'facere', 'Reiciendis eveniet est quia rerum quia ipsam. Ut delectus hic nisi eum repellendus quia rerum exercitationem. Aliquam beatae harum voluptatum mollitia sit.', 714, 8, 25, '2019-04-07 04:34:47', '2019-04-07 04:34:47'),
(59, 'exercitationem', 'Pariatur nesciunt placeat vel. Qui ea sed laborum magni.', 600, 1, 16, '2019-04-07 04:34:47', '2019-04-07 04:34:47'),
(60, 'delectus', 'Ratione et nam dolore. Architecto natus fugit consectetur. Ea at optio quis.', 425, 8, 13, '2019-04-07 04:34:47', '2019-04-07 04:34:47'),
(61, 'quod', 'Adipisci harum officiis ut et. Ducimus et ut hic mollitia. Possimus modi impedit veritatis excepturi veniam voluptatem.', 958, 2, 7, '2019-04-07 04:34:47', '2019-04-07 04:34:47'),
(62, 'recusandae', 'Voluptatum quia perspiciatis sint sequi et vel consequatur. Molestiae beatae optio nisi dolorem minima velit. Illum rerum et rerum velit assumenda.', 107, 5, 14, '2019-04-07 04:34:47', '2019-04-07 04:34:47'),
(63, 'repellendus', 'Aut hic et ipsum quis. Sit laborum expedita et quis. Enim sed ut sit veniam rerum facilis. Quis rerum architecto et deserunt aut tempore ut molestiae.', 483, 9, 7, '2019-04-07 04:34:47', '2019-04-07 04:34:47'),
(64, 'quaerat', 'Error in et sint. Aut quia voluptas et est. Et qui itaque totam assumenda optio deleniti dignissimos. Maxime et adipisci pariatur.', 901, 1, 13, '2019-04-07 04:34:47', '2019-04-07 04:34:47'),
(65, 'voluptatem', 'Optio sunt corrupti pariatur esse sapiente blanditiis. Ut veniam libero et. Ducimus sint illum nemo ratione.', 667, 3, 11, '2019-04-07 04:34:47', '2019-04-07 04:34:47'),
(66, 'sed', 'Et saepe vero sit quidem quo vel. Magnam assumenda nesciunt reiciendis quis quia quo.', 774, 5, 2, '2019-04-07 04:34:47', '2019-04-07 04:34:47'),
(67, 'beatae', 'Sed qui esse qui ipsa excepturi. Reiciendis harum voluptatum tempore explicabo voluptatibus exercitationem. Et ut aliquam in asperiores enim veniam ut unde.', 796, 6, 10, '2019-04-07 04:34:47', '2019-04-07 04:34:47'),
(68, 'accusamus', 'Omnis rerum modi perspiciatis voluptatum et omnis assumenda. Aliquam distinctio maxime aut. Porro in nihil voluptatem repellendus.', 109, 4, 4, '2019-04-07 04:34:47', '2019-04-07 04:34:47'),
(69, 'rem', 'Ut et est et omnis saepe magni aut. Architecto quo vitae enim.', 171, 4, 18, '2019-04-07 04:34:47', '2019-04-07 04:34:47'),
(70, 'omnis', 'Quaerat eos labore voluptate cumque quo ut. Sed vel impedit molestiae voluptates omnis sint laborum. Dolorem sunt quaerat optio aut esse dolorem ut. Natus et distinctio dolores amet hic. Mollitia quis corrupti voluptas sed voluptatem pariatur.', 930, 1, 9, '2019-04-07 04:34:47', '2019-04-07 04:34:47'),
(71, 'est', 'Sapiente eius quas praesentium. Eveniet consequatur praesentium tenetur dolorem sunt amet facere velit.', 148, 9, 28, '2019-04-07 04:34:47', '2019-04-07 04:34:47'),
(72, 'corrupti', 'Cupiditate dicta dolores occaecati repellat. Laboriosam facilis explicabo consequatur qui doloremque in. Ipsa corrupti et tempore corporis aperiam numquam.', 691, 8, 30, '2019-04-07 04:34:47', '2019-04-07 04:34:47'),
(73, 'necessitatibus', 'Velit placeat maiores voluptates laudantium. Et corrupti consequatur consequatur magnam. Aut autem cum magnam quam beatae.', 238, 2, 14, '2019-04-07 04:34:47', '2019-04-07 04:34:47'),
(74, 'quidem', 'Et quae molestias autem autem saepe. Consequatur quis aspernatur illo magni eum.', 152, 5, 28, '2019-04-07 04:34:47', '2019-04-07 04:34:47'),
(75, 'autem', 'Itaque nihil enim atque fugit voluptate autem velit consectetur. Modi ut accusantium dolorem est aut enim. Dignissimos ea ipsum et repellat. Itaque atque dolorum numquam in soluta iure.', 933, 0, 15, '2019-04-07 04:34:47', '2019-04-07 04:34:47'),
(76, 'deserunt', 'Quae et tempore odio voluptatem. Sed et repudiandae et omnis id. Est cumque voluptatem et perspiciatis ex facilis.', 146, 9, 13, '2019-04-07 04:34:47', '2019-04-07 04:34:47'),
(77, 'iure', 'Rerum qui hic est quibusdam itaque et. Voluptate aliquam vero omnis illo consectetur facere voluptatibus omnis. Dolorum rem sit tempore eos.', 197, 1, 5, '2019-04-07 04:34:47', '2019-04-07 04:34:47'),
(78, 'aspernatur', 'Nihil quod eum sunt eum doloremque inventore. Labore consequatur ea asperiores et nisi. Velit doloremque natus est vel.', 489, 8, 11, '2019-04-07 04:34:47', '2019-04-07 04:34:47'),
(79, 'eius', 'Quos enim et perferendis doloremque expedita quidem qui. Doloribus fugit accusamus reiciendis voluptatem quae. Iusto ad natus et omnis nesciunt atque officiis omnis.', 784, 8, 6, '2019-04-07 04:34:47', '2019-04-07 04:34:47'),
(80, 'iusto', 'Quia perspiciatis aperiam tenetur. Qui at aut eaque dolores cupiditate dolores. Iusto saepe ut molestias labore id deserunt ratione.', 786, 9, 7, '2019-04-07 04:34:47', '2019-04-07 04:34:47'),
(81, 'sint', 'Quia id voluptatem eos a quia molestiae maiores. Ab dolorem necessitatibus et dolore molestiae. In et sint repellat animi. Dicta itaque dolore unde nesciunt voluptates.', 402, 6, 2, '2019-04-07 04:34:47', '2019-04-07 04:34:47'),
(82, 'qui', 'Distinctio aut eligendi fuga harum repellendus voluptatum nesciunt fugiat. Non qui quaerat ullam et rerum. Debitis magnam voluptatem in commodi aut amet aperiam.', 337, 5, 3, '2019-04-07 04:34:47', '2019-04-07 04:34:47'),
(83, 'asperiores', 'Aut ipsa dolorem deserunt sit illum debitis. Quod culpa et odit rem voluptatum illo sit. Qui qui dicta est est asperiores quia. Harum saepe assumenda qui consequuntur non.', 844, 2, 7, '2019-04-07 04:34:47', '2019-04-07 04:34:47'),
(84, 'necessitatibus', 'Quaerat quasi autem voluptatem. Ipsam et aut veniam.', 588, 4, 7, '2019-04-07 04:34:47', '2019-04-07 04:34:47'),
(85, 'est', 'Pariatur voluptas quasi doloribus aut omnis qui qui aut. Odit quia ut ut ut aut quasi voluptatibus. Ut odit fugiat consequatur quaerat maxime molestias veritatis enim. Et et et sit distinctio aperiam quisquam.', 443, 5, 9, '2019-04-07 04:34:47', '2019-04-07 04:34:47'),
(86, 'vel', 'Qui itaque illo optio velit explicabo. Assumenda sint autem aperiam accusantium facere. Sapiente error commodi voluptatem sunt quia impedit qui aperiam. Non autem voluptatibus voluptatum autem nisi voluptate rerum laboriosam.', 213, 6, 16, '2019-04-07 04:34:47', '2019-04-07 04:34:47'),
(87, 'expedita', 'Eligendi doloribus quia quo iusto rerum. Voluptas veniam repellat nostrum ut. Voluptate aut voluptas quisquam odio.', 286, 0, 18, '2019-04-07 04:34:47', '2019-04-07 04:34:47'),
(88, 'fugiat', 'Tenetur sint impedit consequatur earum. Molestiae reprehenderit quibusdam velit reprehenderit perspiciatis quidem aut. Dolor quam in aut eius deleniti explicabo aut vel.', 994, 8, 30, '2019-04-07 04:34:47', '2019-04-07 04:34:47'),
(89, 'doloribus', 'Recusandae eveniet nesciunt et cupiditate dolores maiores reiciendis. Ut ad placeat velit occaecati deleniti molestiae. Neque consequatur quis est tenetur rerum. Ex facilis error voluptatem accusamus labore dignissimos laborum sapiente.', 876, 4, 18, '2019-04-07 04:34:47', '2019-04-07 04:34:47'),
(90, 'ut', 'Non quos ut qui maxime laboriosam cupiditate. Dolore sit officiis ipsum magnam. Expedita enim fugit soluta dolores.', 105, 8, 7, '2019-04-07 04:34:47', '2019-04-07 04:34:47'),
(91, 'maxime', 'Asperiores porro praesentium possimus sit. Qui quam aspernatur in et. Porro eligendi voluptates fugiat quaerat illo quisquam ad.', 250, 7, 24, '2019-04-07 04:34:47', '2019-04-07 04:34:47'),
(92, 'quia', 'Aut magni doloribus facere consequatur excepturi distinctio. Aperiam deleniti voluptatem sit atque similique ut. Fugit velit dolores odio voluptatem qui quisquam eum.', 332, 1, 20, '2019-04-07 04:34:47', '2019-04-07 04:34:47'),
(93, 'earum', 'Voluptas assumenda autem voluptatem voluptas laboriosam soluta sunt. Commodi ipsa voluptate maiores libero veniam quo. Et velit placeat qui rem dolore iusto. Est dolorem quos soluta beatae qui sit natus.', 145, 5, 9, '2019-04-07 04:34:47', '2019-04-07 04:34:47'),
(94, 'voluptas', 'Dolorum possimus nemo suscipit facilis blanditiis distinctio. Dolor consectetur deserunt omnis itaque et enim unde.', 343, 6, 17, '2019-04-07 04:34:47', '2019-04-07 04:34:47'),
(95, 'qui', 'Hic temporibus explicabo mollitia quia et. Perspiciatis ea explicabo omnis odio dolore et magni. Molestiae necessitatibus sunt occaecati tempora voluptatibus facere dignissimos dolores.', 346, 5, 14, '2019-04-07 04:34:47', '2019-04-07 04:34:47'),
(96, 'omnis', 'Voluptatem aut vitae nemo reprehenderit illum. Ea labore numquam sint provident eum voluptate. Enim quaerat ut ut ut minima. Aut sed fugit eaque velit.', 871, 4, 26, '2019-04-07 04:34:47', '2019-04-07 04:34:47'),
(97, 'aut', 'Eum voluptas et aliquid ut rem quae labore. Eos quae omnis a dolore saepe.', 362, 9, 3, '2019-04-07 04:34:47', '2019-04-07 04:34:47'),
(98, 'ut', 'Excepturi molestias id dolore mollitia blanditiis vel est. Dolorem modi ullam perferendis sapiente totam. Et cum esse voluptatem cum nulla perspiciatis est. Cum corporis quaerat deserunt nostrum dolorem.', 756, 1, 27, '2019-04-07 04:34:47', '2019-04-07 04:34:47'),
(99, 'esse', 'Debitis laudantium animi odit occaecati aspernatur. Ad eum molestiae aspernatur et modi est. Aut delectus eligendi dolores quis commodi quia est. Fuga non occaecati dolores dolor hic in.', 392, 5, 2, '2019-04-07 04:34:47', '2019-04-07 04:34:47'),
(100, 'odit', 'Nesciunt dolor eaque rerum architecto. Repellendus eos sunt dolor animi est est id. Officiis sint deserunt ducimus sed labore ipsam officiis. Et et cum suscipit.', 423, 7, 15, '2019-04-07 04:34:47', '2019-04-07 04:34:47');

-- --------------------------------------------------------

--
-- Table structure for table `reviews`
--

DROP TABLE IF EXISTS `reviews`;
CREATE TABLE IF NOT EXISTS `reviews` (
  `id` int(10) UNSIGNED NOT NULL AUTO_INCREMENT,
  `product_id` int(10) UNSIGNED NOT NULL,
  `customer` varchar(255) COLLATE utf8mb4_unicode_ci NOT NULL,
  `review` text COLLATE utf8mb4_unicode_ci NOT NULL,
  `star` int(11) NOT NULL,
  `created_at` timestamp NULL DEFAULT NULL,
  `updated_at` timestamp NULL DEFAULT NULL,
  PRIMARY KEY (`id`),
  KEY `reviews_product_id_index` (`product_id`)
) ENGINE=MyISAM AUTO_INCREMENT=301 DEFAULT CHARSET=utf8mb4 COLLATE=utf8mb4_unicode_ci;

--
-- Dumping data for table `reviews`
--

INSERT INTO `reviews` (`id`, `product_id`, `customer`, `review`, `star`, `created_at`, `updated_at`) VALUES
(1, 59, 'Nina Metz', 'Est similique excepturi quis et. Et quis amet illo. Consequatur molestias consequatur enim beatae ut aliquid totam vero. Enim sequi autem earum eveniet est nihil.', 4, '2019-04-07 04:34:48', '2019-04-07 04:34:48'),
(2, 100, 'Adrian Lubowitz', 'Cumque aut illo illo ea explicabo aliquid voluptas. Quis ex sit consequatur molestiae aut ea vitae. Enim et necessitatibus fugiat omnis repellendus dolorum et. Libero dicta totam illo nesciunt necessitatibus praesentium.', 1, '2019-04-07 04:34:48', '2019-04-07 04:34:48'),
(3, 15, 'Favian Williamson', 'Rerum repellat tempora qui dolor nulla rerum. Suscipit voluptatibus omnis repudiandae quaerat dolorem nihil consectetur. Id iste repellendus error cumque repellendus minus dolor. Eum quis qui voluptatem fugiat.', 2, '2019-04-07 04:34:48', '2019-04-07 04:34:48'),
(4, 35, 'Autumn Kreiger', 'Laboriosam beatae occaecati odio aut perspiciatis quam doloribus. Ad eius nisi debitis excepturi ut ipsa. At nisi quia sapiente pariatur. Non odit qui aut in corrupti quod porro.', 4, '2019-04-07 04:34:48', '2019-04-07 04:34:48'),
(5, 89, 'Frederik Moore', 'Dolore libero quos ut quidem est ut ea. Eos mollitia veritatis est est. Molestias et omnis nulla minima cum et.', 2, '2019-04-07 04:34:48', '2019-04-07 04:34:48'),
(6, 99, 'Lauren Lakin', 'Deserunt voluptas rem distinctio. Vel tenetur quaerat ea et ducimus. Voluptate vitae doloremque ipsa accusantium velit tempora. Perferendis natus aperiam consequuntur quia corrupti magnam et. Aperiam quo et aperiam soluta earum magni.', 3, '2019-04-07 04:34:48', '2019-04-07 04:34:48'),
(7, 43, 'Linwood Romaguera DVM', 'Consequatur qui quaerat qui voluptates et velit. Est quibusdam est sed rerum consequuntur totam ea. Ex quibusdam sit at sed eius illo et.', 3, '2019-04-07 04:34:48', '2019-04-07 04:34:48'),
(8, 45, 'Jeanne DuBuque PhD', 'Error quo quam quos ut. Sed velit laboriosam delectus nobis vel beatae deserunt. Et laboriosam accusantium ratione at modi. Qui accusamus asperiores aut maiores.', 4, '2019-04-07 04:34:48', '2019-04-07 04:34:48'),
(9, 15, 'Brayan Tremblay', 'Ex corrupti ut similique aut. Culpa et in neque voluptas. Optio illum vel occaecati et optio ipsum.', 1, '2019-04-07 04:34:48', '2019-04-07 04:34:48'),
(10, 100, 'Ms. Shyann Mayert MD', 'Dicta nisi vel et reprehenderit rerum aliquid laborum. Ut in atque voluptas laborum autem corrupti id.', 5, '2019-04-07 04:34:48', '2019-04-07 04:34:48'),
(11, 38, 'Mrs. Naomie Barrows', 'Hic sit sunt aspernatur nobis eligendi saepe aut. Mollitia beatae quia a id assumenda voluptatem quas. Consequatur et est aliquam dolorem. Pariatur pariatur qui aut est voluptate.', 5, '2019-04-07 04:34:48', '2019-04-07 04:34:48'),
(12, 13, 'Miss Viola Weimann II', 'Et facilis pariatur molestias doloribus quia. Soluta ratione et atque eum. Vel facilis in doloribus. Quis et sit est nulla. Incidunt autem excepturi vel aspernatur delectus adipisci.', 5, '2019-04-07 04:34:48', '2019-04-07 04:34:48'),
(13, 3, 'Prof. Rory Heidenreich', 'Minima nostrum eum pariatur beatae molestias officia sit voluptatem. Sed delectus sed a deleniti vel ducimus. Harum sit minima a perspiciatis non. Adipisci esse tenetur ex at nulla amet.', 4, '2019-04-07 04:34:48', '2019-04-07 04:34:48'),
(14, 7, 'Prof. Marilyne Kilback', 'Quia ipsam est asperiores non error aut ut. Officia recusandae corporis occaecati nesciunt ex in. Totam aut illum eligendi vitae. Nemo necessitatibus quos omnis voluptatem quis a.', 4, '2019-04-07 04:34:48', '2019-04-07 04:34:48'),
(15, 78, 'Prof. Jazmin Berge II', 'Voluptatum est iste nostrum vel ipsum blanditiis commodi assumenda. Enim exercitationem in veritatis non. Non debitis et fugit qui.', 3, '2019-04-07 04:34:48', '2019-04-07 04:34:48'),
(16, 59, 'Donna Beatty', 'Inventore vel voluptatem et magni in vel nulla a. Natus veniam et quia molestiae qui. Consequatur eaque eligendi nihil quisquam et praesentium.', 2, '2019-04-07 04:34:48', '2019-04-07 04:34:48'),
(17, 34, 'Missouri Lebsack DDS', 'Et voluptatem qui qui iste. Autem voluptatem excepturi nesciunt culpa. Aut qui minima et ea pariatur facere. Et alias nulla distinctio ipsam eligendi voluptas est.', 0, '2019-04-07 04:34:48', '2019-04-07 04:34:48'),
(18, 26, 'Keely Carter', 'Quo optio illo perspiciatis ea sunt. Possimus ipsam consectetur sequi dolor quia quidem quas cupiditate. Tenetur illum dolorem quibusdam dolorem.', 0, '2019-04-07 04:34:48', '2019-04-07 04:34:48'),
(19, 95, 'Zula Leannon', 'Atque nisi reiciendis fugiat nihil molestiae nihil a illo. Reiciendis ipsam aliquam sequi unde quod vero perferendis in.', 5, '2019-04-07 04:34:48', '2019-04-07 04:34:48'),
(20, 5, 'Marisol Reinger', 'Rerum rerum voluptas sit. Ut praesentium culpa esse ipsa. Tempore ut ab libero quod corporis.', 0, '2019-04-07 04:34:48', '2019-04-07 04:34:48'),
(21, 12, 'Prof. Sebastian Renner DVM', 'Nihil ipsum excepturi et sit ullam ad dolorum qui. Labore debitis sunt assumenda temporibus sed tenetur.', 4, '2019-04-07 04:34:48', '2019-04-07 04:34:48'),
(22, 50, 'Miss Meda Batz', 'Eveniet error fugiat quia et delectus eveniet nihil. Perspiciatis praesentium et aut voluptatum nostrum laboriosam. Non recusandae et temporibus debitis.', 5, '2019-04-07 04:34:48', '2019-04-07 04:34:48'),
(23, 51, 'Jairo Zulauf', 'Occaecati sint qui eos et sequi id velit. Corporis voluptatem aut qui cumque nam. Impedit molestiae voluptatem natus sed voluptas. Qui quasi explicabo suscipit.', 1, '2019-04-07 04:34:48', '2019-04-07 04:34:48'),
(24, 41, 'Prof. Eloy Glover', 'Et dignissimos voluptas sunt. Aliquam vel quidem dolores consequuntur nam est quibusdam in. Suscipit accusamus rerum rem et.', 1, '2019-04-07 04:34:48', '2019-04-07 04:34:48'),
(25, 66, 'Mr. Domingo Nitzsche', 'Reiciendis dolores maxime cupiditate velit suscipit itaque ipsam. Natus accusantium nobis voluptas quibusdam amet officia. Ea necessitatibus enim aut mollitia non atque.', 2, '2019-04-07 04:34:48', '2019-04-07 04:34:48'),
(26, 61, 'Mike Bahringer', 'Recusandae sit provident consequatur omnis consequatur deserunt odit. Aperiam perferendis dolorem ut. Incidunt mollitia mollitia ea eum sed.', 2, '2019-04-07 04:34:48', '2019-04-07 04:34:48'),
(27, 45, 'Wendell Leuschke II', 'Voluptate voluptatem qui hic quibusdam quidem vel voluptatum. Harum praesentium nobis tenetur. Aperiam id rerum dignissimos aperiam dolorum eos.', 5, '2019-04-07 04:34:48', '2019-04-07 04:34:48'),
(28, 19, 'Jacky Price', 'Voluptatibus similique reiciendis quia et eaque ut. Vel quos saepe sequi quidem dolorem ex. Quisquam error nisi deserunt eligendi aperiam ut sed iure. Sunt eius odio non et enim consectetur.', 2, '2019-04-07 04:34:48', '2019-04-07 04:34:48'),
(29, 89, 'Katelyn Kuhlman', 'Eligendi sit aliquid ut dolores aliquid non ducimus. Odio inventore est impedit doloremque consequatur aliquid.', 2, '2019-04-07 04:34:48', '2019-04-07 04:34:48'),
(30, 61, 'Prof. Dorothy McCullough PhD', 'Quam sit odit ipsa omnis. Deleniti id odit repellat. Inventore nemo iure aut ex eum odio.', 1, '2019-04-07 04:34:48', '2019-04-07 04:34:48'),
(31, 52, 'Austin Bailey', 'Quia eum vero ratione quas ut et. Dignissimos voluptate repudiandae ipsam. Magni dolores fuga odio et repellendus pariatur natus. Voluptas illo quia recusandae id.', 4, '2019-04-07 04:34:48', '2019-04-07 04:34:48'),
(32, 15, 'Makenna Runolfsson MD', 'Sunt suscipit rerum quis tenetur voluptas. Molestias aspernatur aut reiciendis. Quia et alias incidunt aut esse.', 5, '2019-04-07 04:34:48', '2019-04-07 04:34:48'),
(33, 45, 'Cleta Stiedemann V', 'Dolorem officia nostrum eum veritatis sapiente aspernatur suscipit. Eum in non temporibus.', 1, '2019-04-07 04:34:48', '2019-04-07 04:34:48'),
(34, 48, 'Joy Schowalter I', 'Totam dolores doloribus doloribus sed suscipit iure et. Maiores deleniti voluptatem amet quis nostrum occaecati accusamus. Aspernatur sunt aut laborum sed ex.', 0, '2019-04-07 04:34:48', '2019-04-07 04:34:48'),
(35, 31, 'Brandi Schimmel', 'Itaque minus sunt dolor excepturi voluptatem molestiae exercitationem. Repellendus dignissimos veritatis sapiente et. Est ex nihil dolorum id cumque et ea.', 0, '2019-04-07 04:34:48', '2019-04-07 04:34:48'),
(36, 79, 'Sam Gislason', 'Natus expedita labore sunt reiciendis et. Voluptates laboriosam nam a. Modi deleniti et rerum assumenda eaque mollitia molestias aut. Repellat sed consequatur vel perferendis quos minus consectetur.', 0, '2019-04-07 04:34:48', '2019-04-07 04:34:48'),
(37, 7, 'Melisa Robel', 'Voluptas magni expedita et commodi et. Quis voluptatum quo est eaque.', 1, '2019-04-07 04:34:48', '2019-04-07 04:34:48'),
(38, 96, 'Laurianne Fritsch I', 'Repellat mollitia veritatis mollitia harum. Repellat maxime sequi eos sit non. Eius vel corrupti saepe a aut.', 4, '2019-04-07 04:34:48', '2019-04-07 04:34:48'),
(39, 3, 'Lavonne Bergnaum', 'Nobis illum repudiandae qui. Earum sapiente nihil qui. Non assumenda dolorem maxime praesentium totam. Officiis quo accusantium quae quidem.', 2, '2019-04-07 04:34:48', '2019-04-07 04:34:48'),
(40, 45, 'Dr. Vicente Homenick III', 'Voluptatem tempore nobis fuga eligendi non distinctio modi. Sunt voluptatem totam et. Debitis velit saepe et odit voluptas exercitationem.', 0, '2019-04-07 04:34:48', '2019-04-07 04:34:48'),
(41, 53, 'Prof. Kyra Heathcote', 'Molestiae nobis voluptates itaque. Blanditiis aspernatur omnis quae sapiente inventore voluptas. Earum delectus harum culpa dignissimos corporis et et repellendus. Impedit saepe odit quas deleniti quo.', 5, '2019-04-07 04:34:48', '2019-04-07 04:34:48'),
(42, 9, 'Ms. Creola Greenfelder', 'Nostrum voluptatibus nihil eius quisquam et dolores. Nihil laborum quis dicta magni. Rerum maxime non dignissimos voluptatum rerum. Consequatur doloremque velit qui quia optio iusto quasi. Qui est laboriosam quos beatae reprehenderit dignissimos aut aut.', 2, '2019-04-07 04:34:48', '2019-04-07 04:34:48'),
(43, 50, 'Haskell Quigley', 'Error vitae delectus ea accusantium dolorum reprehenderit impedit. Atque voluptatem est consequuntur placeat nihil cupiditate qui. Suscipit id sint perspiciatis quas. Sint et sunt quo vel.', 0, '2019-04-07 04:34:48', '2019-04-07 04:34:48'),
(44, 27, 'Ms. Sophia Kautzer', 'Sapiente voluptatum soluta iure autem. Sunt minima fugit sed totam est molestiae. Est pariatur autem sunt est. Odio ipsum quaerat non deleniti tenetur aut.', 0, '2019-04-07 04:34:48', '2019-04-07 04:34:48'),
(45, 3, 'Eloy Bernier', 'Distinctio voluptas cum et fuga quo amet incidunt et. Voluptatem ut consequuntur ab. Nemo ipsam sint reiciendis quos voluptatibus illo.', 4, '2019-04-07 04:34:48', '2019-04-07 04:34:48'),
(46, 63, 'Nedra Jones', 'Qui corrupti quisquam quasi et ducimus quos. Molestiae quam expedita adipisci ipsam id. Doloremque molestiae eos laudantium assumenda sed.', 0, '2019-04-07 04:34:48', '2019-04-07 04:34:48'),
(47, 25, 'Emile Robel', 'Quia odio quia velit. Occaecati est non ipsa deleniti inventore quasi et. Quis veniam facilis animi harum.', 2, '2019-04-07 04:34:48', '2019-04-07 04:34:48'),
(48, 3, 'Mr. Casimer Predovic', 'Molestias nulla qui quis debitis. Omnis beatae quos explicabo et. Fuga laudantium esse quae dolores eius assumenda iusto. Ab tempora omnis numquam non commodi.', 5, '2019-04-07 04:34:48', '2019-04-07 04:34:48'),
(49, 57, 'Michele Boyer IV', 'Alias sed et quo omnis iste omnis. Aliquam voluptatem voluptatum perspiciatis dolorum cupiditate sed similique. Aut aliquam autem commodi sequi.', 2, '2019-04-07 04:34:48', '2019-04-07 04:34:48'),
(50, 52, 'Miguel Nolan', 'Cum et harum minima non. Qui cum maiores odio. Nihil aperiam magni eligendi repellendus fuga sed itaque repudiandae. Voluptatibus saepe nemo tempore quasi. Est magni rerum ratione amet dignissimos enim.', 0, '2019-04-07 04:34:48', '2019-04-07 04:34:48'),
(51, 96, 'Zane Farrell', 'Sit a qui sed est ipsum perferendis. Ipsam voluptas aut accusantium est. Aut quasi aspernatur vitae fuga beatae quam in. Id modi corrupti velit ullam dignissimos sit.', 4, '2019-04-07 04:34:48', '2019-04-07 04:34:48'),
(52, 59, 'Dr. Tracy Kerluke MD', 'Voluptatem quia quia non dolor aspernatur. Quia natus vitae atque ab dolorum soluta. Molestiae nihil vero voluptas porro delectus occaecati delectus.', 0, '2019-04-07 04:34:48', '2019-04-07 04:34:48'),
(53, 28, 'Mr. Angel Mraz', 'Delectus sint pariatur dolorem aspernatur aut explicabo neque. Saepe eius repellat quis omnis. Facere est cum nam illum sed enim veritatis. Doloribus qui sed modi voluptas.', 4, '2019-04-07 04:34:48', '2019-04-07 04:34:48'),
(54, 50, 'Prof. Christa Stracke Jr.', 'Quidem quisquam rerum quisquam cupiditate qui voluptate neque. Facere reprehenderit adipisci commodi error. Repellat repellendus voluptas ut nulla incidunt.', 3, '2019-04-07 04:34:48', '2019-04-07 04:34:48'),
(55, 50, 'Ms. Katherine Strosin', 'Asperiores illum facilis dignissimos mollitia enim sed nam. Est nesciunt totam dolor eum et. Sapiente aspernatur earum voluptatem ad. Id est et recusandae repellendus alias consequatur aut.', 1, '2019-04-07 04:34:48', '2019-04-07 04:34:48'),
(56, 47, 'Abbey Torp', 'Velit dolores sunt similique culpa vel. Ut ut iure dolorum quo qui. Beatae omnis nihil beatae neque asperiores.', 1, '2019-04-07 04:34:48', '2019-04-07 04:34:48'),
(57, 96, 'Declan Cartwright', 'Magni repudiandae rerum qui fugit sunt. Cupiditate omnis commodi ut omnis iste aut nesciunt. Eos quae quasi laboriosam a. Quis aut sit voluptatum quis voluptates id. Atque sit nostrum eum quia est assumenda.', 1, '2019-04-07 04:34:48', '2019-04-07 04:34:48'),
(58, 9, 'Abbie Prohaska', 'Consectetur ut est aut quos libero et expedita. Sed qui qui vitae voluptas. Aspernatur hic inventore nulla eos adipisci distinctio temporibus. Sit enim quo quidem magnam voluptatem saepe sunt. Quis ullam ex consequatur debitis est pariatur qui.', 4, '2019-04-07 04:34:48', '2019-04-07 04:34:48'),
(59, 5, 'Dr. Jovanny Yost', 'Quaerat aliquam quisquam consectetur aut voluptatibus tenetur. Omnis aut consequatur et qui officiis. Et saepe id ut amet. Aperiam sint mollitia enim.', 4, '2019-04-07 04:34:48', '2019-04-07 04:34:48'),
(60, 6, 'Sabina Hermiston', 'Voluptatem repellat molestias aut eveniet. Qui est molestias atque. Suscipit voluptas officiis iure eligendi assumenda quisquam quae. Sed porro impedit quisquam quaerat blanditiis velit tempora.', 0, '2019-04-07 04:34:48', '2019-04-07 04:34:48'),
(61, 37, 'Mireille Wiegand', 'Aliquam soluta distinctio excepturi magni sed rerum. Incidunt quisquam corrupti et qui quia animi et. Consectetur quia quibusdam consequatur modi cumque culpa quia voluptas.', 2, '2019-04-07 04:34:48', '2019-04-07 04:34:48'),
(62, 18, 'Anika Swaniawski', 'Aperiam quidem et blanditiis sit culpa id. Ea ut sed eaque hic. Nemo fuga cumque consequatur quos. Quo rerum qui et nobis aut ex.', 5, '2019-04-07 04:34:48', '2019-04-07 04:34:48'),
(63, 51, 'Prof. Gonzalo Hauck', 'Est veniam nobis odio qui aliquid aut neque. Et nostrum rerum qui et. Autem dolores autem explicabo qui dolorem.', 1, '2019-04-07 04:34:48', '2019-04-07 04:34:48'),
(64, 22, 'Nelda Stamm', 'Quia non sint corporis tempora ab similique omnis tenetur. Totam aliquam corrupti voluptas voluptatem et. Et tempora et praesentium error. Est quasi odio voluptatem.', 1, '2019-04-07 04:34:48', '2019-04-07 04:34:48'),
(65, 86, 'Dr. Earline Pfannerstill', 'Ut rerum sapiente odit ducimus ipsa. Qui et quia consequatur. Natus laborum quo quia voluptas doloribus ipsam odio. Possimus voluptas molestiae quas odit dolorem est.', 5, '2019-04-07 04:34:48', '2019-04-07 04:34:48'),
(66, 33, 'Dr. Elliot Walter DVM', 'Adipisci atque possimus et nihil voluptatibus. Est et vel dolorem. Suscipit ea voluptates repudiandae dolorem. Ut ratione ipsum expedita maiores et ipsum qui.', 5, '2019-04-07 04:34:48', '2019-04-07 04:34:48'),
(67, 22, 'Prof. Helen Christiansen Sr.', 'Enim pariatur repudiandae nisi aut. Est molestias error error error explicabo quam. Pariatur sed sint dolores quisquam. Nemo id enim nobis iusto quae sequi ut.', 5, '2019-04-07 04:34:48', '2019-04-07 04:34:48'),
(68, 94, 'Darryl Kub', 'Consequuntur exercitationem autem deleniti voluptatem aspernatur accusantium. Sit et vero ut laboriosam. Tenetur voluptas id consequuntur id.', 3, '2019-04-07 04:34:48', '2019-04-07 04:34:48'),
(69, 57, 'Brenna Mayert', 'Vitae reiciendis asperiores sunt error. Molestias vitae sint id itaque aperiam dolorem fugit. Assumenda est ut quis id quisquam quo. Deleniti sequi dolor recusandae ea.', 1, '2019-04-07 04:34:48', '2019-04-07 04:34:48'),
(70, 16, 'Mr. Dewayne Connelly III', 'Repudiandae voluptatem qui provident magni quas. Vel eum et rerum qui nobis. Doloremque tenetur aperiam minima quos.', 4, '2019-04-07 04:34:48', '2019-04-07 04:34:48'),
(71, 47, 'Tyreek Abshire', 'Repellat sed placeat maxime voluptas. Quo in qui maxime cumque eum. Sit sequi assumenda corrupti nihil.', 0, '2019-04-07 04:34:48', '2019-04-07 04:34:48'),
(72, 96, 'Erica Leuschke Jr.', 'Incidunt quas ad non quae est sed iste. Amet eum eligendi voluptatum dignissimos. Illo animi adipisci at dolores reprehenderit quasi quos.', 4, '2019-04-07 04:34:48', '2019-04-07 04:34:48'),
(73, 18, 'Kaley Hickle Sr.', 'Architecto eius quam quibusdam nihil porro. Ut quaerat quaerat dolorum voluptatum impedit. Omnis ipsam voluptatum doloremque officia quos. Dolores dolorem placeat quo minima.', 4, '2019-04-07 04:34:48', '2019-04-07 04:34:48'),
(74, 89, 'Jonathan Sipes', 'Ut id accusamus dolores et iusto repellendus. Autem alias modi molestiae neque. Et minima sunt tempore nam neque dolore ducimus provident.', 0, '2019-04-07 04:34:48', '2019-04-07 04:34:48'),
(75, 76, 'Nona Aufderhar', 'Id impedit in similique eum eaque. Magni veritatis dolorem natus quisquam quo cupiditate. Quia harum numquam velit sapiente. Laboriosam dolor est quia et voluptatum.', 2, '2019-04-07 04:34:48', '2019-04-07 04:34:48'),
(76, 99, 'Mrs. Nella Greenfelder', 'Cum vel et accusantium quis culpa. Laudantium sit ea tenetur tenetur quisquam porro animi. Laborum et qui a consequatur totam dolorem. Non amet et harum neque doloribus. Qui consequatur aut dolorem impedit est.', 5, '2019-04-07 04:34:48', '2019-04-07 04:34:48'),
(77, 57, 'Dr. Markus Kihn', 'Sit expedita veniam magnam. Dignissimos ea architecto nihil dolores laudantium molestias voluptate quia. Optio saepe non eum et eos officia tempora. Inventore reprehenderit non sunt cumque.', 2, '2019-04-07 04:34:48', '2019-04-07 04:34:48'),
(78, 84, 'Dr. Monroe Ferry', 'Illo omnis odit quis tenetur nihil. Ut voluptatem et labore suscipit sed tempora. Explicabo veritatis voluptas autem tempora nemo consequatur. Cumque maiores ducimus exercitationem fugiat autem.', 2, '2019-04-07 04:34:48', '2019-04-07 04:34:48'),
(79, 63, 'Prof. Eriberto Kuhlman DDS', 'Voluptatibus delectus autem sed eveniet minima modi. Quaerat et sequi dolorem. Non magnam placeat et.', 5, '2019-04-07 04:34:48', '2019-04-07 04:34:48'),
(80, 62, 'Alfonso Ortiz', 'Dolor et soluta ut qui sit nam ea magnam. Soluta molestiae veritatis rerum quibusdam asperiores. Qui voluptate molestiae cupiditate voluptate harum.', 1, '2019-04-07 04:34:48', '2019-04-07 04:34:48'),
(81, 14, 'Mr. Hayley Bartoletti DVM', 'Ut ipsa saepe recusandae ut vel. Aut facere temporibus sit non corrupti. Ab quia in ex voluptas exercitationem. Laudantium suscipit aut et quos tempore soluta.', 1, '2019-04-07 04:34:48', '2019-04-07 04:34:48'),
(82, 37, 'Millie Pfannerstill', 'Voluptatem et sunt perspiciatis sit aperiam quos. Quia aliquid rerum officia autem. Excepturi nam ipsam in sequi alias. Soluta est doloremque quia laborum cum voluptas laboriosam.', 3, '2019-04-07 04:34:48', '2019-04-07 04:34:48'),
(83, 25, 'Rebeka Dooley', 'Temporibus cupiditate nihil amet eius neque aliquam temporibus. Sapiente ipsum ducimus rerum earum. Sequi eum debitis tenetur error rerum fuga.', 4, '2019-04-07 04:34:48', '2019-04-07 04:34:48'),
(84, 100, 'Domenica Hills Jr.', 'Aut sapiente repudiandae et quia provident dolore aut. Non repudiandae qui tenetur minima ducimus.', 3, '2019-04-07 04:34:48', '2019-04-07 04:34:48'),
(85, 67, 'Noemie Breitenberg', 'At dolorem consequatur officia et. Deleniti laudantium sint quia veniam perspiciatis aperiam harum. Occaecati rerum et facere perferendis odio distinctio quia placeat. Reprehenderit est sint eveniet sed veritatis.', 4, '2019-04-07 04:34:48', '2019-04-07 04:34:48'),
(86, 19, 'Miss Lia Hermann', 'Numquam doloremque occaecati laudantium temporibus aut. Ea non commodi natus est facilis aut cumque. Harum ut optio ut rerum dolorem aut molestiae. Asperiores ea ullam eos minima modi et eveniet.', 0, '2019-04-07 04:34:48', '2019-04-07 04:34:48'),
(87, 34, 'Assunta Bode I', 'Ipsa magnam tempore exercitationem rem quisquam et doloremque. Sint autem nihil sit at fugiat. Maiores numquam cum consequatur molestiae velit est sequi. Consequatur nulla eveniet dolore ut quia omnis.', 5, '2019-04-07 04:34:48', '2019-04-07 04:34:48'),
(88, 9, 'Chelsea Macejkovic', 'Accusamus iusto odio delectus similique repellendus mollitia explicabo. Repellat qui sed incidunt. Et et rerum sint iste.', 1, '2019-04-07 04:34:48', '2019-04-07 04:34:48'),
(89, 8, 'Forrest Deckow', 'Eius rerum sit et dolor dolores eaque porro. Veritatis hic et nihil maxime cupiditate rerum quos. Est possimus nobis maiores aliquam et eligendi autem tempora. Ratione porro fugiat ipsa facere.', 0, '2019-04-07 04:34:48', '2019-04-07 04:34:48'),
(90, 13, 'Margret Effertz', 'Soluta culpa eum quae ipsa. Doloribus eligendi qui rem. Sed rem libero sed maxime qui ea libero sint. Et aut optio voluptatem perspiciatis ullam. Molestiae perspiciatis veritatis tenetur qui ipsum saepe.', 2, '2019-04-07 04:34:48', '2019-04-07 04:34:48'),
(91, 33, 'Mrs. Abagail Daniel III', 'Non fugit maiores facilis facilis ipsum. Eligendi repellat est eos occaecati iusto vel placeat dicta. Alias veritatis ad et ex. Consequuntur fuga qui quia fugit.', 4, '2019-04-07 04:34:48', '2019-04-07 04:34:48'),
(92, 43, 'Zelma Conn DVM', 'Architecto labore itaque nulla eius et qui quibusdam. Non maxime voluptate voluptatem.', 4, '2019-04-07 04:34:48', '2019-04-07 04:34:48'),
(93, 100, 'Wilmer Gulgowski', 'Aut autem ullam commodi repellendus nisi. Impedit sed aspernatur aut dolore odio laboriosam est voluptates. Odio sint magni veritatis animi magnam.', 1, '2019-04-07 04:34:48', '2019-04-07 04:34:48'),
(94, 66, 'Estella Lindgren', 'Iure maxime maiores minima hic excepturi ut sunt autem. Vero dicta et odio dolorum est harum.', 4, '2019-04-07 04:34:48', '2019-04-07 04:34:48'),
(95, 80, 'Magnus Parisian DDS', 'Officia quas voluptas consectetur. Officia vel repellat ad rerum dolorem consequuntur soluta est. Voluptatem asperiores libero explicabo officia est quia consequuntur fugiat. Ut qui cupiditate ut.', 3, '2019-04-07 04:34:48', '2019-04-07 04:34:48'),
(96, 26, 'Jeanette Hilpert', 'Qui animi soluta numquam qui nemo qui. Nihil enim molestiae mollitia quidem perspiciatis ea. Aliquid velit suscipit neque porro autem.', 3, '2019-04-07 04:34:48', '2019-04-07 04:34:48'),
(97, 84, 'Henriette Borer', 'Possimus reprehenderit et id saepe doloremque delectus saepe. Voluptates doloribus maiores architecto et et. Odio non eum voluptas neque. Odio excepturi doloremque sed laborum id.', 0, '2019-04-07 04:34:48', '2019-04-07 04:34:48'),
(98, 12, 'Brenna Gaylord', 'Ut fuga soluta ea hic. Asperiores cupiditate quo omnis soluta illum optio. Vitae quis doloribus id ipsam vero. Est est aut quis fuga totam.', 3, '2019-04-07 04:34:48', '2019-04-07 04:34:48'),
(99, 27, 'Ashly McLaughlin', 'Mollitia fugiat debitis esse facilis incidunt. Est qui quisquam aut in atque ex. Corrupti est voluptas aliquid sit fugit et.', 3, '2019-04-07 04:34:48', '2019-04-07 04:34:48'),
(100, 31, 'Prof. Hope Erdman', 'Modi est reiciendis cum est dolor ipsa nemo. Aliquid id cumque qui neque. Doloribus iure quaerat velit necessitatibus.', 1, '2019-04-07 04:34:48', '2019-04-07 04:34:48'),
(101, 72, 'Charlotte Franecki', 'Sint est quia quas neque reiciendis nostrum. Temporibus et aut ullam fugit nobis ut sint. Sit ipsum aspernatur fuga in. Voluptas similique aut voluptates et sed.', 0, '2019-04-07 04:34:48', '2019-04-07 04:34:48'),
(102, 20, 'Dr. Jillian Lind DVM', 'Vitae animi perspiciatis quam consequatur ipsa consequatur non in. Dolor est deserunt dolorem atque rerum et et dolorem. Quia dolores veritatis voluptas ratione at.', 3, '2019-04-07 04:34:48', '2019-04-07 04:34:48'),
(103, 57, 'Winifred Harber', 'Esse voluptate ut corporis. Omnis nihil et non perferendis quia aut. Harum et magnam aliquam consequatur at aliquam.', 5, '2019-04-07 04:34:48', '2019-04-07 04:34:48'),
(104, 59, 'Krista Padberg', 'Molestiae perspiciatis aperiam voluptatum. Amet aliquam iusto molestiae quisquam quis ut sequi. Quam qui rerum et autem reiciendis. Dignissimos ipsam impedit est et minus.', 0, '2019-04-07 04:34:48', '2019-04-07 04:34:48'),
(105, 75, 'Prof. Dianna Hessel DDS', 'Fugit vel ab quas est quis reprehenderit consequatur. Sed a aut qui libero. Voluptatum a eaque et assumenda quia qui magni iste.', 3, '2019-04-07 04:34:48', '2019-04-07 04:34:48'),
(106, 52, 'Abdiel Dietrich II', 'Magnam sed illo explicabo fugit incidunt dolores ad laboriosam. Soluta quo libero occaecati ea consequuntur voluptas repudiandae. Dolore doloribus laborum et quam iusto et eaque. Aut nostrum aut laborum quos sunt non.', 3, '2019-04-07 04:34:48', '2019-04-07 04:34:48'),
(107, 46, 'Kallie Boyle', 'Ex deleniti ad et ducimus labore quia quod. Alias fugit velit nihil dolores voluptas eum. Aut ab sint dolor autem beatae et quisquam. Dolores molestiae repudiandae similique sit occaecati voluptatibus neque.', 0, '2019-04-07 04:34:48', '2019-04-07 04:34:48'),
(108, 30, 'Fleta Parker', 'Omnis maxime eos voluptas vero officia blanditiis. Nihil expedita sed ad. Vel velit vel sint error. Pariatur voluptates ut voluptate explicabo saepe impedit quam.', 4, '2019-04-07 04:34:48', '2019-04-07 04:34:48'),
(109, 14, 'Jaqueline Kilback', 'Quia fugiat et illo qui consequatur consequatur. Eius repudiandae quae soluta et cum modi quibusdam. Iure nostrum ea fugiat omnis.', 0, '2019-04-07 04:34:48', '2019-04-07 04:34:48'),
(110, 18, 'Ellen Kuphal', 'Expedita possimus eum deleniti vel incidunt sed amet eligendi. Cum et id soluta amet harum. Minus sunt numquam voluptatum nihil omnis et. Dolor deserunt deserunt sed pariatur voluptate et facilis.', 4, '2019-04-07 04:34:48', '2019-04-07 04:34:48'),
(111, 8, 'Domenica Corkery', 'Ut sunt id eum ut dolorum. Quas expedita sint voluptas qui. Omnis ex non voluptas possimus. Autem rerum vitae nulla et nobis.', 5, '2019-04-07 04:34:48', '2019-04-07 04:34:48'),
(112, 23, 'Mrs. Chanelle McLaughlin IV', 'Explicabo quidem ullam neque molestias culpa eaque. Sed incidunt sed rem cum incidunt. Ut aut deserunt perferendis soluta quia maxime rem. Odit placeat saepe dolorem laboriosam voluptatem molestiae.', 2, '2019-04-07 04:34:48', '2019-04-07 04:34:48'),
(113, 30, 'Mr. Grayson Corkery IV', 'Quo sed optio dolor non laboriosam. Animi non et quis nobis. Aut eum incidunt sint ipsa tenetur quibusdam id blanditiis. Repellat cupiditate blanditiis dolor est officiis ut officia natus.', 4, '2019-04-07 04:34:48', '2019-04-07 04:34:48'),
(114, 91, 'Dr. Kip Auer Jr.', 'Sint ut illum voluptatum voluptate. Tempora saepe voluptatibus unde necessitatibus doloremque. Facere et unde repellat. Minima ea ipsa dicta id dignissimos magnam reiciendis.', 5, '2019-04-07 04:34:48', '2019-04-07 04:34:48'),
(115, 80, 'Antoinette Stokes', 'Iusto veniam explicabo sequi tempore possimus qui inventore quo. Eos laboriosam cumque quaerat amet ducimus error. Voluptatum possimus exercitationem aperiam quisquam neque facere minima.', 0, '2019-04-07 04:34:48', '2019-04-07 04:34:48'),
(116, 32, 'Natalia Hammes', 'Qui aperiam distinctio id at quia aliquid. Delectus et officia incidunt nihil cum inventore eveniet. Omnis tenetur nihil voluptatem. Enim corporis et alias natus perferendis quam.', 1, '2019-04-07 04:34:48', '2019-04-07 04:34:48'),
(117, 33, 'Edison Lehner', 'Unde repellendus nostrum maxime aperiam fugiat sed ullam. Quam minus nam error ab. Numquam sint molestiae deleniti quia incidunt excepturi deleniti. Corrupti ipsa magni quia natus.', 3, '2019-04-07 04:34:48', '2019-04-07 04:34:48'),
(118, 27, 'Dameon Jacobson', 'Vero rerum nisi tenetur aut id at sunt. Voluptas doloribus cum perspiciatis molestias eum. Voluptas sint fugiat neque officiis ut. Necessitatibus quam aliquam vitae magnam.', 1, '2019-04-07 04:34:48', '2019-04-07 04:34:48'),
(119, 10, 'Nora Moen', 'Temporibus voluptate atque blanditiis consectetur ut omnis. Iure fugiat porro voluptate non. Est dolor consequuntur repellendus vero quis maxime.', 3, '2019-04-07 04:34:48', '2019-04-07 04:34:48'),
(120, 10, 'Mr. Harry Quigley', 'Unde sequi distinctio a quo quae libero dolorem. Saepe et ut ad cum aliquid odit culpa. Error laboriosam laboriosam cumque rerum sed. Libero harum illo earum velit.', 5, '2019-04-07 04:34:48', '2019-04-07 04:34:48'),
(121, 13, 'Raina Altenwerth', 'Maiores nihil totam nulla aspernatur. Quas ex voluptates consequuntur aliquam hic delectus quia. Exercitationem nam facilis et sint quasi. Qui placeat quia qui quia dolorum error cupiditate.', 1, '2019-04-07 04:34:48', '2019-04-07 04:34:48'),
(122, 45, 'Dorothy Jast', 'Commodi labore illo libero corrupti. Placeat temporibus ut sed ut. Laboriosam suscipit doloremque corporis ipsam adipisci.', 3, '2019-04-07 04:34:48', '2019-04-07 04:34:48'),
(123, 30, 'Dr. Edmond Weissnat', 'Nostrum asperiores numquam aliquam similique illo magni. Debitis rerum praesentium ipsum quia atque. Blanditiis rerum repudiandae dicta quis vel omnis. Beatae facere possimus nostrum rerum assumenda repudiandae quia.', 4, '2019-04-07 04:34:48', '2019-04-07 04:34:48'),
(124, 39, 'Wilton Larson', 'Velit quis quam omnis unde officiis. Harum rem atque suscipit id dolor non eaque. Deleniti quae voluptates amet doloribus ut eos est adipisci. Omnis eos corporis qui.', 3, '2019-04-07 04:34:48', '2019-04-07 04:34:48'),
(125, 24, 'Deion O\'Connell', 'Placeat repellat ut quaerat. Nobis et commodi delectus odit perferendis est dolor. Maxime sit itaque et ipsam quia eligendi. Voluptas eius quos vel nihil dolor in.', 2, '2019-04-07 04:34:48', '2019-04-07 04:34:48'),
(126, 83, 'Prof. Katlyn Bartoletti I', 'Fuga ut minima ipsam doloribus. Labore odit aut quae ad quaerat provident repudiandae. Est a error qui molestiae dolores eos qui.', 5, '2019-04-07 04:34:48', '2019-04-07 04:34:48'),
(127, 29, 'Ethan Rippin', 'Numquam aliquam sit eos quaerat reprehenderit unde sapiente. Eligendi quia laudantium veniam esse quo.', 1, '2019-04-07 04:34:48', '2019-04-07 04:34:48'),
(128, 45, 'Margaretta Ziemann Sr.', 'Facilis dicta ut a non non. Explicabo reprehenderit vero dolorem numquam id impedit est ea. Odio autem velit est asperiores et quia. Dolor maiores suscipit iure adipisci vitae et.', 1, '2019-04-07 04:34:48', '2019-04-07 04:34:48'),
(129, 24, 'Bria Trantow', 'Voluptatem incidunt voluptatibus est voluptas mollitia consequatur. Quia sunt dolor et consequatur ut ipsa tempora. Eveniet quos nihil non deserunt voluptas aspernatur. Nesciunt nihil possimus ex veritatis dolores quidem et.', 5, '2019-04-07 04:34:48', '2019-04-07 04:34:48'),
(130, 5, 'Sheila Medhurst', 'Numquam qui autem fugiat quo. Quo aperiam voluptatem aspernatur architecto dolores dolores ea quis.', 2, '2019-04-07 04:34:48', '2019-04-07 04:34:48'),
(131, 24, 'Jedediah Robel', 'Dolores ab ipsum beatae voluptatem possimus et. Vel itaque officia ut eos et assumenda rerum. Sit aut assumenda fugit consequuntur sunt adipisci repudiandae.', 4, '2019-04-07 04:34:48', '2019-04-07 04:34:48'),
(132, 15, 'Kareem Will DVM', 'Aperiam et odio magni laudantium doloremque. Itaque et qui odit voluptates delectus. Sequi est corporis modi et ex perspiciatis labore exercitationem.', 4, '2019-04-07 04:34:48', '2019-04-07 04:34:48'),
(133, 100, 'Soledad Goyette', 'Similique et inventore hic distinctio molestiae similique. Et in voluptatem doloremque. Facilis explicabo non nihil. Quia exercitationem maxime est assumenda labore labore. Voluptas magni est optio rerum illum dignissimos rerum.', 5, '2019-04-07 04:34:48', '2019-04-07 04:34:48'),
(134, 39, 'Merlin Hills', 'Placeat in modi laudantium accusamus error ut. Ea et repellat aspernatur consequatur. Eum quia ut deleniti libero repudiandae et.', 5, '2019-04-07 04:34:48', '2019-04-07 04:34:48'),
(135, 2, 'Retha Dickinson', 'Voluptatibus est impedit hic delectus est excepturi deleniti. Reprehenderit voluptate qui excepturi eligendi maxime et cumque.', 2, '2019-04-07 04:34:48', '2019-04-07 04:34:48'),
(136, 99, 'Magnus Reichert', 'Qui asperiores officiis pariatur iure in. Laboriosam dolores velit aperiam distinctio possimus laboriosam vero qui. Doloribus nihil veniam quo qui. Ut voluptatem et omnis voluptas et harum atque eligendi.', 5, '2019-04-07 04:34:48', '2019-04-07 04:34:48'),
(137, 85, 'Louie McCullough', 'Necessitatibus non eius totam aut quo. Eum repudiandae est autem sunt ipsam ab.', 2, '2019-04-07 04:34:48', '2019-04-07 04:34:48'),
(138, 20, 'Bessie Price II', 'Commodi iusto et dolorem. Est cupiditate numquam minima consequuntur rerum. Quis fugit officiis facere rerum. Ut expedita non id quam similique velit dolor.', 4, '2019-04-07 04:34:48', '2019-04-07 04:34:48'),
(139, 32, 'Oral Crist', 'Recusandae laborum nobis porro consectetur et saepe. Delectus et non molestias cumque harum veniam aut. Repellendus maxime adipisci eius amet necessitatibus officia.', 4, '2019-04-07 04:34:48', '2019-04-07 04:34:48'),
(140, 100, 'Mrs. Shea Padberg IV', 'Culpa omnis maiores porro in. Delectus dignissimos sequi reiciendis nemo eum. Nisi alias voluptates sequi quos eveniet quibusdam et. Dolorum error voluptatem reiciendis eos corporis necessitatibus voluptatem.', 0, '2019-04-07 04:34:48', '2019-04-07 04:34:48'),
(141, 6, 'Crystal Kling', 'Accusamus ducimus impedit delectus et cumque. Et dolorem rerum officiis. Alias dolores maiores et modi et voluptas ab. A voluptatum sunt dicta rem et veritatis deleniti.', 2, '2019-04-07 04:34:48', '2019-04-07 04:34:48'),
(142, 82, 'Joanne Welch', 'Eligendi et ea tenetur voluptas expedita. Minima rem ipsum qui ut consectetur neque. Qui minima animi dolorum rerum. Tempora quo sequi est voluptatibus iusto.', 3, '2019-04-07 04:34:48', '2019-04-07 04:34:48'),
(143, 31, 'Miss Adela Gerhold IV', 'Quo est sit modi sit rerum. Molestias neque commodi est excepturi consequuntur. Et ullam voluptas laborum. Mollitia est qui ea sint vel sunt.', 5, '2019-04-07 04:34:48', '2019-04-07 04:34:48'),
(144, 32, 'Cornelius Towne', 'Doloribus perspiciatis ipsum non consectetur. Cumque ratione numquam id qui distinctio ut voluptas. Voluptatem officiis ea accusamus.', 5, '2019-04-07 04:34:48', '2019-04-07 04:34:48'),
(145, 5, 'Tiana Swaniawski', 'Dolores eum iste voluptatem ut rerum praesentium nihil. Ab omnis mollitia aut nemo corporis autem unde architecto. Rerum pariatur aperiam cum quia aut.', 1, '2019-04-07 04:34:48', '2019-04-07 04:34:48'),
(146, 86, 'Prof. Katlynn Conroy', 'Aliquam harum veritatis at consequatur quas saepe. Qui perferendis eligendi totam autem. Est rerum minima qui hic pariatur.', 1, '2019-04-07 04:34:48', '2019-04-07 04:34:48'),
(147, 13, 'Lolita Hagenes V', 'Ut rerum sit nemo qui accusantium deserunt aperiam. Impedit doloribus aut quod blanditiis hic id. Et numquam doloribus veniam harum harum expedita quia tempore. Occaecati provident officia voluptatem in ipsa temporibus dolores blanditiis. Ipsum adipisci nulla quam aut provident voluptas minus.', 3, '2019-04-07 04:34:48', '2019-04-07 04:34:48'),
(148, 4, 'Elena Schowalter', 'Qui non est neque nihil necessitatibus nostrum. Ipsa sit ipsa aliquid repellat qui qui. Qui ut vel sit iusto nostrum dolor eius quis. Modi dolores voluptates velit.', 3, '2019-04-07 04:34:48', '2019-04-07 04:34:48'),
(149, 39, 'Daphne Barrows', 'Quia omnis velit assumenda et. Aliquam magnam amet expedita voluptatem voluptatem ut sed. Aut ut et qui expedita. Ut sint voluptatum nobis qui vel.', 5, '2019-04-07 04:34:48', '2019-04-07 04:34:48'),
(150, 17, 'Magdalen Mann', 'Quasi enim maiores debitis et atque autem. Non veritatis similique et accusantium.', 3, '2019-04-07 04:34:48', '2019-04-07 04:34:48'),
(151, 14, 'Dr. Kiley Berge', 'Provident quae aut magnam sint alias ab in rerum. Rem soluta voluptatibus magni neque est et. Qui ullam animi laborum non distinctio nihil. Itaque quisquam deleniti corrupti tenetur et in.', 1, '2019-04-07 04:34:48', '2019-04-07 04:34:48'),
(152, 6, 'Reta Hayes', 'Aut ipsa et molestiae incidunt dolorem. Architecto occaecati id consequatur. Ut dolorum illum perferendis ab.', 5, '2019-04-07 04:34:48', '2019-04-07 04:34:48'),
(153, 49, 'Ms. Rebecca Breitenberg MD', 'Ut autem ut nihil et tempora voluptatem. Commodi tempore perferendis nam nostrum occaecati id. Eligendi sint totam est perferendis aut fugiat. Nemo necessitatibus iusto sequi doloribus. Ipsa nisi odit non accusamus.', 4, '2019-04-07 04:34:48', '2019-04-07 04:34:48'),
(154, 62, 'Lorna Runolfsson', 'Harum perspiciatis aut aperiam deleniti fuga. Eum quia consequatur totam rerum amet ut necessitatibus sunt. Dolorum minus modi ratione dolores rerum hic.', 1, '2019-04-07 04:34:48', '2019-04-07 04:34:48'),
(155, 7, 'Prof. Stanford Streich DVM', 'Sunt perspiciatis aut molestias et accusamus ad. Totam laborum facilis ducimus corporis similique sapiente velit et.', 4, '2019-04-07 04:34:48', '2019-04-07 04:34:48'),
(156, 38, 'Marlee Langworth Jr.', 'Et voluptatem error sunt. Odio ut molestiae ratione quos ipsa nulla eveniet. Molestiae harum velit recusandae beatae.', 5, '2019-04-07 04:34:48', '2019-04-07 04:34:48'),
(157, 66, 'Dr. Felton Schmitt', 'Quia ut qui velit quibusdam. Et aliquid facere aliquid vitae sit praesentium. Excepturi tempora saepe amet quisquam qui. Quos omnis ut saepe excepturi.', 5, '2019-04-07 04:34:48', '2019-04-07 04:34:48'),
(158, 89, 'Kenya Klocko', 'Neque mollitia sequi harum commodi voluptatibus nostrum corrupti. Nam qui alias dolor ratione quo.', 2, '2019-04-07 04:34:48', '2019-04-07 04:34:48'),
(159, 39, 'Lois Nikolaus', 'Adipisci voluptatem autem aut eum. Nesciunt ut quasi doloremque animi quos officiis. Vel rerum et hic ullam tenetur.', 4, '2019-04-07 04:34:48', '2019-04-07 04:34:48'),
(160, 88, 'Prof. Karlee Flatley DDS', 'Debitis reiciendis excepturi ut culpa sapiente facilis iure. Ut tempora vitae officia rerum. Eaque blanditiis illum magnam et vitae sit delectus. Temporibus eaque ut vitae odio et.', 3, '2019-04-07 04:34:48', '2019-04-07 04:34:48'),
(161, 66, 'Alayna Veum Jr.', 'Est occaecati quos ullam architecto tenetur voluptatem dolore. Laboriosam repellat laborum neque. Similique omnis veniam repellendus molestiae velit dolorem rem. Ipsum quidem iste quaerat sequi. Minima dicta alias quis illo quasi.', 0, '2019-04-07 04:34:48', '2019-04-07 04:34:48'),
(162, 20, 'Ms. Madelyn Kub', 'Voluptas est in atque. Aspernatur est asperiores quis perspiciatis ut. Nihil accusantium amet et quo odio similique dignissimos.', 5, '2019-04-07 04:34:48', '2019-04-07 04:34:48'),
(163, 68, 'Marlin Harvey', 'Nobis ut est possimus sapiente ea et. Voluptatibus adipisci et vel ut sed. Consectetur nemo dignissimos rem qui nemo. Eos occaecati voluptatem eum.', 5, '2019-04-07 04:34:48', '2019-04-07 04:34:48'),
(164, 64, 'Prof. Franco Littel PhD', 'Commodi aperiam ut doloribus. Aliquid perferendis optio aut voluptatem maxime. Et incidunt odio sunt tenetur ipsa delectus vel dolores.', 2, '2019-04-07 04:34:48', '2019-04-07 04:34:48'),
(165, 33, 'Camylle Barton', 'At hic aut sit eveniet aut magnam sint. Repudiandae sit nihil et similique esse unde. Aut quos ut earum eligendi consequatur mollitia.', 2, '2019-04-07 04:34:48', '2019-04-07 04:34:48'),
(166, 76, 'Garry Muller', 'Voluptatem dolorem similique ipsa nemo. Iste enim vel in ut aut est quia natus. Quia rem sapiente ad dolores sed libero similique. Ipsum illo et quibusdam velit sapiente voluptas. Consequatur velit rem quasi commodi omnis.', 4, '2019-04-07 04:34:48', '2019-04-07 04:34:48'),
(167, 42, 'Bria Cormier', 'Eius nulla neque maxime nihil. Qui eum voluptates ut voluptates explicabo. Eligendi et labore dicta. Quo voluptatum voluptatem libero.', 1, '2019-04-07 04:34:48', '2019-04-07 04:34:48'),
(168, 71, 'Stephany Lemke', 'Nam quia expedita cumque dolore voluptas. Aliquam fuga repellat et totam. Officia et et asperiores assumenda quae nihil.', 2, '2019-04-07 04:34:48', '2019-04-07 04:34:48'),
(169, 67, 'Keven Trantow', 'Ex autem et aperiam. Sit commodi ullam eum commodi officia. Aperiam quam tenetur et omnis. Voluptatibus sed doloribus incidunt ea explicabo.', 2, '2019-04-07 04:34:48', '2019-04-07 04:34:48'),
(170, 29, 'Dr. Maia Kuvalis', 'Quae quis est esse consequatur maiores. Quas voluptatibus amet asperiores. Natus ratione qui corrupti saepe non vero. In fugiat et voluptatem autem.', 0, '2019-04-07 04:34:48', '2019-04-07 04:34:48'),
(171, 80, 'Adelbert Schoen', 'Id eum dolorem consequatur incidunt velit qui reprehenderit soluta. Neque eos harum iste id. Quae quisquam eos ut velit.', 1, '2019-04-07 04:34:48', '2019-04-07 04:34:48'),
(172, 69, 'Shirley Douglas', 'Neque sed voluptatem voluptas ut. Voluptatem dolores aut similique. Voluptatem excepturi illum tempore est iure. Quibusdam maiores quasi et sed nulla.', 1, '2019-04-07 04:34:48', '2019-04-07 04:34:48'),
(173, 35, 'Ms. Coralie Bednar', 'Aut non ut harum ipsa fuga incidunt inventore. Sed iure alias autem. Similique at dolorum aut alias est ut.', 5, '2019-04-07 04:34:48', '2019-04-07 04:34:48'),
(174, 7, 'Astrid Beier', 'Modi nostrum officiis non quae sed dicta itaque. A eos ea sunt. Unde dolores est sequi quo explicabo quia. Explicabo voluptate ut beatae perferendis qui autem animi.', 3, '2019-04-07 04:34:48', '2019-04-07 04:34:48'),
(175, 65, 'Miss Erna Parisian', 'Eius tempore est molestias voluptas quisquam. Et eos magnam molestiae expedita a. Aut dolor voluptatibus molestiae voluptatem. Commodi praesentium fugiat ut doloremque exercitationem est. Occaecati numquam quaerat aut.', 1, '2019-04-07 04:34:48', '2019-04-07 04:34:48'),
(176, 74, 'Shanel Hill', 'Eaque officiis quia ut harum quia. Veritatis quaerat consequuntur consectetur sed nulla voluptatem aliquam nihil. Aut deleniti natus et similique.', 1, '2019-04-07 04:34:48', '2019-04-07 04:34:48'),
(177, 20, 'Adrianna Rogahn', 'Molestiae ab deserunt consequatur asperiores. Reprehenderit nihil sit ut. Mollitia ad temporibus et non consequatur non. Accusantium suscipit mollitia cum vel ipsum non qui.', 0, '2019-04-07 04:34:48', '2019-04-07 04:34:48'),
(178, 34, 'Presley Skiles', 'Quia animi iusto nemo delectus. Doloremque voluptates ut voluptates labore. Quisquam aut error optio quos ducimus.', 5, '2019-04-07 04:34:48', '2019-04-07 04:34:48'),
(179, 40, 'Thad Walter', 'Doloribus placeat esse non quos consequatur voluptatem. Eum et aut perferendis esse et sed. Qui ducimus sequi est iste et.', 0, '2019-04-07 04:34:48', '2019-04-07 04:34:48'),
(180, 15, 'Prof. Tyler Nitzsche Jr.', 'Similique aliquid debitis magnam corrupti iure reiciendis. Nostrum consequatur eaque alias. Nihil provident reiciendis corrupti ea iste possimus. Nihil quia eligendi voluptatem ipsa enim assumenda exercitationem rerum.', 2, '2019-04-07 04:34:48', '2019-04-07 04:34:48'),
(181, 63, 'Hanna Pollich', 'Quidem velit et omnis deleniti qui. Possimus a sed ut quae. Incidunt iusto qui harum corrupti rem. Totam nihil deserunt id perferendis amet velit. Ea aut ut nulla quia ut est quo aperiam.', 0, '2019-04-07 04:34:48', '2019-04-07 04:34:48'),
(182, 3, 'Eveline Ullrich', 'Commodi occaecati porro repudiandae eveniet numquam velit aut aliquid. Nisi voluptate ducimus omnis rem dolorem repellat quia quo. Labore tempora in harum tenetur. Autem dolorem expedita commodi quis.', 4, '2019-04-07 04:34:48', '2019-04-07 04:34:48'),
(183, 40, 'Mabelle Rosenbaum', 'Deserunt laborum voluptates omnis rem. Ipsam reiciendis quo architecto impedit ut non et. Sint rem ut saepe. Magnam perspiciatis dolor beatae et reiciendis.', 0, '2019-04-07 04:34:48', '2019-04-07 04:34:48'),
(184, 89, 'Mrs. Kali Torphy DDS', 'Quis optio voluptatibus et voluptatibus ut sed non qui. Quo quo nihil et at veniam aliquid. Beatae occaecati deleniti saepe molestiae nulla. Neque cupiditate magni atque repellendus dolores.', 2, '2019-04-07 04:34:48', '2019-04-07 04:34:48'),
(185, 79, 'Mr. Emery Von V', 'Iure laboriosam ut molestiae et temporibus ad vitae. Officiis amet assumenda accusamus aut autem. Et quod voluptas dolorem blanditiis saepe. Repellendus rerum laborum minima harum nemo sit quam.', 0, '2019-04-07 04:34:48', '2019-04-07 04:34:48'),
(186, 29, 'Tatyana Weimann', 'Exercitationem placeat provident fugit. Qui dolore sint consequatur in ratione amet neque. Itaque voluptatem libero deleniti placeat voluptate est numquam. Animi et amet voluptates placeat laborum officia.', 4, '2019-04-07 04:34:48', '2019-04-07 04:34:48'),
(187, 44, 'Amelia Kuhic', 'Quis provident temporibus inventore commodi sit quia molestias et. Quis ipsa unde ut eos. Inventore cum illum nam dolore occaecati. Molestiae id molestiae maxime dicta est assumenda.', 5, '2019-04-07 04:34:48', '2019-04-07 04:34:48'),
(188, 59, 'Modesta Boyle', 'Quod ducimus error quod ea. Sapiente officiis et corporis amet explicabo quos. Repudiandae consequatur a enim cum. Voluptatem sed et illum omnis.', 1, '2019-04-07 04:34:48', '2019-04-07 04:34:48'),
(189, 66, 'Tyshawn Medhurst', 'Delectus porro nulla velit dolore quidem. Et dolor facilis nam sed et id. Sequi blanditiis quos omnis a ut ipsam. Cum vel a reprehenderit officiis.', 4, '2019-04-07 04:34:48', '2019-04-07 04:34:48'),
(190, 39, 'Isaias O\'Reilly', 'Alias sed enim quae. Atque eius aut laborum consectetur atque quos. Voluptates placeat incidunt dolorem quidem ut commodi deleniti.', 3, '2019-04-07 04:34:48', '2019-04-07 04:34:48'),
(191, 28, 'Dr. Ilene Kemmer', 'Molestiae et enim quis mollitia voluptas necessitatibus possimus. Ut tempora et et ipsa quo illo. Impedit voluptate iusto enim adipisci autem repellat. Ut beatae ullam in numquam rerum rerum.', 1, '2019-04-07 04:34:48', '2019-04-07 04:34:48'),
(192, 9, 'Darryl Pfeffer', 'Atque qui voluptas accusamus doloribus velit eum quibusdam. Non corporis doloremque repellendus nostrum et provident exercitationem. Velit necessitatibus earum provident assumenda. Iusto nulla est quo maxime amet. Enim maxime minima ut fugiat voluptatem veritatis.', 5, '2019-04-07 04:34:48', '2019-04-07 04:34:48'),
(193, 10, 'Madge Howe', 'Eum aut unde illo ipsum voluptas accusamus. Rerum beatae eos esse sunt ducimus. Aspernatur beatae non quia impedit tempora. Perspiciatis ex expedita facere ut iste saepe architecto sint.', 4, '2019-04-07 04:34:48', '2019-04-07 04:34:48'),
(194, 67, 'Ms. Ursula Adams', 'Fuga deserunt aperiam velit id dolorem necessitatibus molestiae maxime. Nesciunt nostrum perspiciatis recusandae architecto. Eveniet nostrum accusamus eveniet delectus dolores. Earum omnis tempora voluptatum quas deserunt nihil.', 2, '2019-04-07 04:34:48', '2019-04-07 04:34:48'),
(195, 44, 'Bernard Satterfield', 'Odio consequatur fuga ea facere excepturi. Laboriosam ea totam labore voluptas maiores sequi.', 4, '2019-04-07 04:34:48', '2019-04-07 04:34:48'),
(196, 34, 'Dr. Braxton Hegmann', 'Sit dolor voluptatem ea veritatis voluptate. At amet rerum omnis odit odio. Vero rem cupiditate sint dignissimos eum. Aut veritatis nihil doloremque quasi fugiat ut.', 0, '2019-04-07 04:34:48', '2019-04-07 04:34:48'),
(197, 84, 'Devante Buckridge', 'Et sed expedita quo dolores exercitationem. Magnam voluptate libero sunt occaecati molestiae doloribus. Aut odit numquam odio ipsa distinctio sequi.', 5, '2019-04-07 04:34:48', '2019-04-07 04:34:48'),
(198, 91, 'Dr. Sabina Marquardt IV', 'Modi dolorum architecto consequuntur sunt. Vitae qui perferendis nam. Ea nemo a et officiis.', 0, '2019-04-07 04:34:48', '2019-04-07 04:34:48'),
(199, 17, 'Mrs. Virginie Keebler', 'Ab tenetur voluptas officiis perspiciatis. Odio eum sunt error culpa est. Optio vel ut et et. Quidem velit eos corrupti ratione commodi. Corporis illum aut quo.', 5, '2019-04-07 04:34:48', '2019-04-07 04:34:48'),
(200, 30, 'Zachariah Dickinson', 'Odio qui facere excepturi nobis ipsam. Et voluptatem ad ex. Reprehenderit eos impedit ut hic unde.', 4, '2019-04-07 04:34:48', '2019-04-07 04:34:48'),
(201, 28, 'Lavada Nolan I', 'Esse fuga ut natus voluptates molestias delectus voluptas doloribus. Vel ut iste quod in. Et vero et voluptatem nihil et reiciendis sed.', 0, '2019-04-07 04:34:48', '2019-04-07 04:34:48'),
(202, 37, 'Dexter Lang', 'Vel sint culpa quo vitae magni. Quis quam eius sint maxime deserunt alias. Ullam repellendus numquam libero cum reprehenderit. Eos quis molestiae reprehenderit fugiat ex est tenetur.', 2, '2019-04-07 04:34:48', '2019-04-07 04:34:48'),
(203, 13, 'Adell Hahn', 'In tempore occaecati suscipit deserunt nisi. Animi eum vel non beatae laborum. Quis expedita neque doloribus odio. Esse rerum atque id quas amet omnis. Nobis aut sed aliquid quia totam molestias.', 5, '2019-04-07 04:34:48', '2019-04-07 04:34:48'),
(204, 15, 'Dr. Carley Deckow', 'Et libero tempore veritatis itaque id in velit rerum. Possimus ex ea magnam sed quisquam nihil. Sit qui qui amet vel quas quos.', 0, '2019-04-07 04:34:48', '2019-04-07 04:34:48'),
(205, 14, 'Shirley Schulist V', 'Amet optio ut molestiae quia sunt qui. Officiis repellat hic rerum qui iure voluptatem expedita. Tenetur quasi repudiandae delectus incidunt.', 1, '2019-04-07 04:34:48', '2019-04-07 04:34:48'),
(206, 5, 'Mr. Lester Abbott', 'Aut quaerat dicta unde assumenda. Aut et doloremque a occaecati. Possimus neque odit aspernatur illum quisquam ut.', 0, '2019-04-07 04:34:48', '2019-04-07 04:34:48'),
(207, 4, 'Mittie Cummerata', 'Dolorem expedita ut doloremque. Enim exercitationem totam est. Aperiam ut possimus possimus.', 4, '2019-04-07 04:34:48', '2019-04-07 04:34:48'),
(208, 44, 'Cordelia Rath Jr.', 'Nemo tempora vel non saepe eos unde non. Et tenetur quas qui similique qui eaque. Id in quisquam culpa sint.', 3, '2019-04-07 04:34:48', '2019-04-07 04:34:48'),
(209, 51, 'Fabiola Morissette', 'Dicta quia quia quasi qui. Reprehenderit magnam nulla a sed soluta et cum. Consequatur et ullam recusandae animi et. Aut quo soluta et et accusamus asperiores autem.', 1, '2019-04-07 04:34:48', '2019-04-07 04:34:48');
INSERT INTO `reviews` (`id`, `product_id`, `customer`, `review`, `star`, `created_at`, `updated_at`) VALUES
(210, 28, 'Alice Beahan', 'Odio excepturi consequatur consequatur quae perferendis magnam. Quo ut sequi ut omnis numquam culpa. Enim eius est et sed fuga.', 0, '2019-04-07 04:34:48', '2019-04-07 04:34:48'),
(211, 54, 'Crystal Hagenes', 'Omnis modi dolorem quo voluptatem. Culpa quo ut quia iusto perferendis repellendus. Aliquid debitis nostrum enim voluptates.', 3, '2019-04-07 04:34:48', '2019-04-07 04:34:48'),
(212, 55, 'Hallie Stracke', 'Repudiandae perferendis minima placeat ea praesentium voluptas aut. Quod cupiditate nobis asperiores eaque a occaecati voluptas. Sit dicta officiis quis. Amet itaque aut modi porro facilis in qui.', 2, '2019-04-07 04:34:48', '2019-04-07 04:34:48'),
(213, 70, 'Millie Ratke III', 'Expedita rerum rem ut blanditiis aut minima. Est aut exercitationem dignissimos necessitatibus quo. Minus laboriosam quo minus eligendi commodi.', 3, '2019-04-07 04:34:48', '2019-04-07 04:34:48'),
(214, 22, 'Bettye Doyle', 'Velit esse ipsum incidunt sunt dolorem laudantium deleniti. Sapiente corrupti dicta enim. Autem aliquid impedit accusantium eum cumque veritatis.', 0, '2019-04-07 04:34:48', '2019-04-07 04:34:48'),
(215, 37, 'Kayli Kertzmann', 'Eaque quis rerum amet deleniti. Quia aut corporis nisi illo qui est repudiandae. Quisquam quia repellendus hic eligendi.', 3, '2019-04-07 04:34:48', '2019-04-07 04:34:48'),
(216, 52, 'Delaney Douglas V', 'A maiores corrupti quasi. Est iusto architecto totam dolorum repellat ab provident. Culpa et voluptatem quis consequatur mollitia dolorum. Temporibus autem asperiores pariatur numquam. Quod ab quam quisquam sit.', 5, '2019-04-07 04:34:48', '2019-04-07 04:34:48'),
(217, 43, 'Prof. Antonio Hermann', 'Itaque error corrupti et repellat. Eligendi et et temporibus. Itaque dolorem doloremque libero adipisci. Facere voluptatem veniam quis hic rerum eum vel quia.', 4, '2019-04-07 04:34:48', '2019-04-07 04:34:48'),
(218, 20, 'Elenor Dickens', 'Molestiae quia aut qui deleniti voluptatem omnis eum. Ut quisquam quia cum rerum saepe pariatur laboriosam. Accusamus aspernatur et ad inventore commodi laborum deserunt earum. Dolor exercitationem est aut et dolores.', 2, '2019-04-07 04:34:48', '2019-04-07 04:34:48'),
(219, 58, 'Margie Glover', 'Qui ut aut atque officia qui perspiciatis enim. Hic quis aut nobis placeat dicta qui. Provident eum minima qui perferendis fugiat illum facilis qui. Aut et rerum molestiae aperiam similique cum.', 2, '2019-04-07 04:34:48', '2019-04-07 04:34:48'),
(220, 30, 'Prof. Fernando Metz', 'Vero sunt harum ut dignissimos. Ex aspernatur qui nisi corrupti repellendus ut. Neque adipisci perspiciatis deserunt impedit.', 4, '2019-04-07 04:34:48', '2019-04-07 04:34:48'),
(221, 60, 'Bethany Kassulke II', 'Et aliquam optio tenetur voluptate aspernatur qui. Molestiae reprehenderit necessitatibus placeat tenetur perspiciatis. Est molestiae aperiam dicta incidunt veritatis praesentium quibusdam et. Et illum vero molestias fugiat.', 0, '2019-04-07 04:34:48', '2019-04-07 04:34:48'),
(222, 89, 'Mr. Kayleigh Sanford III', 'Autem autem iusto vitae deleniti tempora. Nihil quidem recusandae quos distinctio ut. Voluptas quam tempore eaque necessitatibus. Ut saepe sequi commodi et. Perferendis assumenda ipsam voluptatem beatae non.', 1, '2019-04-07 04:34:48', '2019-04-07 04:34:48'),
(223, 10, 'Craig Lueilwitz', 'Et omnis aut officia amet. Non sapiente commodi dolores corrupti. Corrupti suscipit eveniet sunt unde sit laudantium rerum sed.', 4, '2019-04-07 04:34:48', '2019-04-07 04:34:48'),
(224, 32, 'Vincenzo Bradtke', 'Quidem explicabo modi asperiores nisi quo id expedita. Quibusdam ipsam vel reiciendis consequuntur aut et non. Ut nobis illo ut et voluptatibus. Sequi maiores qui ut dolor magni voluptatem aliquid quos.', 0, '2019-04-07 04:34:48', '2019-04-07 04:34:48'),
(225, 80, 'Magali Aufderhar', 'Sed quo officia qui vero eos voluptatem. Dolor magnam vel iste quae sunt maiores dolorem. Beatae minus sequi labore blanditiis in dicta.', 5, '2019-04-07 04:34:48', '2019-04-07 04:34:48'),
(226, 48, 'Samara Mayer', 'Voluptas ipsum quod explicabo aperiam aut beatae harum. Qui laudantium natus dolore. Quia inventore ut qui maxime praesentium accusantium et.', 1, '2019-04-07 04:34:48', '2019-04-07 04:34:48'),
(227, 23, 'Forrest Fritsch PhD', 'Quaerat odio ut sint est aut. Qui et consequatur nihil doloribus accusamus. Sed voluptas asperiores et earum distinctio perspiciatis. Dolor sed et sed voluptatibus aspernatur.', 1, '2019-04-07 04:34:48', '2019-04-07 04:34:48'),
(228, 93, 'Dr. Clark Schultz', 'Velit tempora amet sapiente modi ex quam qui porro. Fugiat quis dolores consequatur autem tempore nihil adipisci ipsa. Consequatur omnis repellat inventore est perspiciatis. Dolorum sunt aut occaecati iste consequatur.', 1, '2019-04-07 04:34:48', '2019-04-07 04:34:48'),
(229, 32, 'Colton Schamberger III', 'Molestiae sunt et velit quis consectetur quidem sint. Quis rerum quis in doloremque. Inventore ratione aut dolor explicabo excepturi consequatur sed.', 3, '2019-04-07 04:34:48', '2019-04-07 04:34:48'),
(230, 7, 'Elbert Zulauf IV', 'Iure omnis ut est non excepturi nemo dignissimos. Et placeat similique libero aspernatur blanditiis iure cum. Et sunt amet autem voluptatum aut non sit dolor.', 5, '2019-04-07 04:34:48', '2019-04-07 04:34:48'),
(231, 93, 'Dwight Rodriguez MD', 'Rerum praesentium voluptatibus exercitationem exercitationem doloribus velit. Officia beatae mollitia quia culpa quos.', 5, '2019-04-07 04:34:48', '2019-04-07 04:34:48'),
(232, 97, 'Buck Lesch', 'Et perspiciatis necessitatibus maiores et atque. Quia ad et quidem illum earum est eligendi aut. Recusandae et laborum nisi ab quo.', 2, '2019-04-07 04:34:48', '2019-04-07 04:34:48'),
(233, 60, 'Prof. Maiya Kunze', 'Excepturi sint exercitationem sit consequatur iusto dolores ut. Corrupti sapiente aut vero ut. Tenetur exercitationem et eos qui et qui corporis libero.', 2, '2019-04-07 04:34:48', '2019-04-07 04:34:48'),
(234, 53, 'Maybell Cartwright', 'Eius ipsa perferendis harum magni magni qui quaerat. Sapiente id in dolore exercitationem. Illo placeat et nam sequi. Et voluptatem nostrum molestiae non qui sed vero.', 4, '2019-04-07 04:34:48', '2019-04-07 04:34:48'),
(235, 31, 'Devan McDermott', 'Corporis ipsa repellendus atque porro omnis tempore perferendis. Nemo quos vel tempora. Autem enim qui quia incidunt voluptatibus voluptates ratione. Porro cupiditate corrupti enim iste in.', 3, '2019-04-07 04:34:48', '2019-04-07 04:34:48'),
(236, 84, 'Florida Halvorson IV', 'Eos facere provident vel assumenda ratione. Corrupti vel aliquam ea. Veritatis rerum temporibus dolores enim et.', 4, '2019-04-07 04:34:48', '2019-04-07 04:34:48'),
(237, 63, 'Mohamed Powlowski', 'Architecto et reiciendis nobis occaecati ipsa earum. Debitis consequatur sed delectus et sit nobis eligendi ipsa. Eius rerum modi earum aliquid minus mollitia sapiente. Velit sit maxime natus sequi temporibus modi beatae et.', 0, '2019-04-07 04:34:48', '2019-04-07 04:34:48'),
(238, 58, 'Gino Ziemann', 'Enim possimus officiis nemo et dolorem sit molestiae et. Velit earum impedit provident magnam incidunt aut. Nulla laboriosam veniam quisquam voluptas non. Necessitatibus autem earum vero et ut saepe et. Maiores laboriosam et ea.', 0, '2019-04-07 04:34:48', '2019-04-07 04:34:48'),
(239, 7, 'Alvena Senger Sr.', 'Assumenda hic laboriosam ullam qui. Velit a perspiciatis accusamus dolore qui pariatur. Ad autem velit dicta voluptatibus. Dolorem ea fuga provident sit aut doloremque.', 0, '2019-04-07 04:34:48', '2019-04-07 04:34:48'),
(240, 16, 'Ms. Aimee O\'Connell DVM', 'Eaque sed architecto totam eos ab. Quo doloremque blanditiis vel iure. Sed enim officiis voluptates quis vel rerum omnis veniam. Magni molestias ipsam quo qui ut.', 5, '2019-04-07 04:34:48', '2019-04-07 04:34:48'),
(241, 39, 'Aryanna Cole', 'Dolorem veritatis est alias sunt optio. Adipisci quas doloremque consequatur ex maxime qui. Facere quisquam enim quo molestias quam tempore atque rerum.', 4, '2019-04-07 04:34:48', '2019-04-07 04:34:48'),
(242, 93, 'Ms. Matilde Heathcote', 'Magnam ad facere eveniet ducimus nisi molestiae dolor dolorem. Modi doloremque eligendi consequatur dignissimos laudantium et. Architecto sed quaerat nam ut.', 2, '2019-04-07 04:34:48', '2019-04-07 04:34:48'),
(243, 8, 'Allie Rice DDS', 'Rem eos nam quia consequatur dolor. Ut omnis sint quia veritatis amet. Et neque explicabo nam deserunt cumque sit.', 3, '2019-04-07 04:34:48', '2019-04-07 04:34:48'),
(244, 50, 'Dr. Rhett Feest PhD', 'Eum deserunt laborum et. Dolorem neque et eum qui soluta iusto ad. Impedit soluta neque recusandae nulla doloremque nam suscipit numquam.', 4, '2019-04-07 04:34:48', '2019-04-07 04:34:48'),
(245, 79, 'Nathen Grant', 'Id aut quisquam minus dolorem quibusdam fugiat accusamus ab. Facere et ea necessitatibus et aperiam. Nemo totam sint omnis eius eligendi optio.', 0, '2019-04-07 04:34:48', '2019-04-07 04:34:48'),
(246, 35, 'Brady Collins', 'Nulla commodi dolorum debitis molestiae. Et voluptatum cupiditate ut laborum. Voluptatibus voluptatem eum doloremque magnam consequatur. Omnis et quia non ipsam libero animi.', 4, '2019-04-07 04:34:48', '2019-04-07 04:34:48'),
(247, 43, 'Melisa Cummings', 'Ut quae esse autem ullam qui architecto aut totam. Id ut possimus incidunt totam ut. Dolor doloribus cumque rerum fugit libero. Ipsum quaerat et cumque rerum porro et voluptas consequuntur.', 0, '2019-04-07 04:34:48', '2019-04-07 04:34:48'),
(248, 45, 'Jefferey McCullough', 'Est omnis asperiores delectus quo et temporibus. Minus labore nam in neque expedita. Reiciendis natus dolorem incidunt aut ex. In voluptatum quae voluptates molestiae explicabo sunt temporibus praesentium.', 5, '2019-04-07 04:34:48', '2019-04-07 04:34:48'),
(249, 83, 'Ms. Rhoda Steuber DDS', 'Repellat molestias et facere ut nostrum. Incidunt quis molestiae laboriosam possimus assumenda dicta sed repellendus. Corporis possimus optio aut et nobis.', 0, '2019-04-07 04:34:48', '2019-04-07 04:34:48'),
(250, 96, 'Dr. Guy Homenick PhD', 'Est eveniet iusto in eaque animi nostrum. Voluptates quaerat ut id saepe odio. Vitae nemo aut praesentium consequuntur sapiente suscipit quisquam dolore.', 3, '2019-04-07 04:34:48', '2019-04-07 04:34:48'),
(251, 64, 'Helena Baumbach', 'Et repellendus doloremque sequi ea sed sit. Autem voluptatem sequi exercitationem minima inventore autem. Neque sapiente quia occaecati provident similique provident dolorum voluptatibus. Architecto quo in suscipit.', 0, '2019-04-07 04:34:48', '2019-04-07 04:34:48'),
(252, 13, 'Mr. Lucius Ritchie III', 'Accusamus molestiae consequatur dolores. Et dolorem culpa voluptas voluptatum enim. Totam et quia sapiente porro voluptatibus officia neque. Veniam molestiae et sequi quia a dolorum vero.', 1, '2019-04-07 04:34:48', '2019-04-07 04:34:48'),
(253, 97, 'Amparo Rau', 'Est atque delectus est est consequuntur. Esse aut quaerat provident esse. Culpa ut molestias exercitationem tempora nisi ipsum.', 4, '2019-04-07 04:34:48', '2019-04-07 04:34:48'),
(254, 30, 'Alanna Green', 'Unde nostrum ut et omnis sed sed. Unde consequatur dolores rerum tenetur quaerat et. Nisi atque deleniti dignissimos sit ea. Quis ducimus quia consequuntur doloribus sit. Aut velit in qui dignissimos.', 0, '2019-04-07 04:34:48', '2019-04-07 04:34:48'),
(255, 99, 'Maryjane Nienow', 'In dolorum tempora officia accusamus. Dignissimos at qui architecto qui dolor enim eum quia. Adipisci et numquam temporibus quibusdam. Porro non non ut qui esse qui explicabo. Cumque reiciendis quas ut.', 5, '2019-04-07 04:34:48', '2019-04-07 04:34:48'),
(256, 10, 'Ryder Schuppe', 'Aut sed qui dolores ratione quibusdam provident. Odit ea iste doloribus. Cum error ipsa ea alias dolore illo qui. Voluptate quia sunt nobis voluptatem hic tempora et aut.', 3, '2019-04-07 04:34:48', '2019-04-07 04:34:48'),
(257, 95, 'Gene Murazik', 'Sed commodi vero omnis libero sed. Corrupti voluptatem et deserunt velit sunt beatae asperiores. Dignissimos magni molestias autem veritatis.', 1, '2019-04-07 04:34:48', '2019-04-07 04:34:48'),
(258, 3, 'Miss Natalia Robel', 'Voluptas eum sint similique culpa molestias temporibus itaque. Culpa quae in architecto et aut et aliquid. Impedit repellat sit est et omnis. Delectus aut voluptas doloremque reiciendis eaque aperiam.', 4, '2019-04-07 04:34:48', '2019-04-07 04:34:48'),
(259, 28, 'Mrs. Jermaine Ritchie MD', 'Minus modi nulla quod et rerum veniam exercitationem. Et repudiandae et impedit repellendus. Et ullam mollitia officiis repudiandae aut reprehenderit adipisci voluptatem. Officiis qui est et omnis praesentium non.', 4, '2019-04-07 04:34:48', '2019-04-07 04:34:48'),
(260, 15, 'Price Friesen', 'Quia ipsam molestiae quaerat. Sed ut ipsam eum. Quis atque nostrum saepe ipsam.', 3, '2019-04-07 04:34:48', '2019-04-07 04:34:48'),
(261, 91, 'Sydnie Schiller', 'Aut dolore est earum sed. Ut a placeat accusantium omnis nulla. Consequatur voluptatum error voluptatem qui soluta.', 3, '2019-04-07 04:34:48', '2019-04-07 04:34:48'),
(262, 8, 'Hazel Quitzon', 'Autem at debitis aut architecto sed. Voluptatem provident corrupti ipsum veniam eum possimus perspiciatis. Amet aliquid distinctio cupiditate.', 1, '2019-04-07 04:34:48', '2019-04-07 04:34:48'),
(263, 42, 'Harold Boyle', 'Explicabo doloremque similique quaerat iure. Aut et id earum vero eligendi voluptatem. Eum libero magni similique aut eveniet animi.', 3, '2019-04-07 04:34:48', '2019-04-07 04:34:48'),
(264, 7, 'Violet Larson', 'Autem corporis tenetur tempora ea placeat facere. Qui quod qui quis eos sunt excepturi repellendus dolores. Quia dolores ullam perferendis ut qui eos eos illum.', 3, '2019-04-07 04:34:48', '2019-04-07 04:34:48'),
(265, 7, 'Caesar Pfeffer', 'Voluptate dolorem qui dicta sunt. A quae odio sunt qui. Aut omnis maxime rerum porro nam totam.', 0, '2019-04-07 04:34:48', '2019-04-07 04:34:48'),
(266, 7, 'Emmanuelle Schuster IV', 'Provident pariatur maxime similique beatae ratione ut repellat. Et aut ipsam omnis voluptatem quas minus quia. Voluptatem ullam voluptate facilis repellat. Molestias sit aut fugiat.', 2, '2019-04-07 04:34:48', '2019-04-07 04:34:48'),
(267, 94, 'Stanley Bernier', 'Neque eveniet magni reprehenderit occaecati nisi. Illo ut quibusdam qui. Eum molestias consequatur nihil ea sed quia. Corrupti ut et quo quia.', 1, '2019-04-07 04:34:48', '2019-04-07 04:34:48'),
(268, 42, 'Ima Jast', 'Reprehenderit asperiores aut sint distinctio. Ipsa dolore autem suscipit perferendis necessitatibus. Eveniet ea aut non sed soluta.', 5, '2019-04-07 04:34:48', '2019-04-07 04:34:48'),
(269, 2, 'Prof. August Graham', 'Commodi hic suscipit qui animi sit molestiae. Ipsum magnam odit voluptatem praesentium. Cum quisquam et commodi porro quo soluta adipisci.', 1, '2019-04-07 04:34:48', '2019-04-07 04:34:48'),
(270, 78, 'Stefanie Kovacek', 'Pariatur nesciunt distinctio ab deserunt necessitatibus voluptatibus necessitatibus. Inventore rerum voluptatem quo optio ipsa. Et vitae accusamus facere vitae laborum. Ullam sit nam quisquam nesciunt aspernatur sunt.', 0, '2019-04-07 04:34:48', '2019-04-07 04:34:48'),
(271, 76, 'Susan Stark', 'Velit rerum laudantium quia temporibus eligendi est iusto. Consequatur exercitationem explicabo molestiae eum maxime ad. Non molestiae eos ut voluptatibus aperiam. Doloremque ut consequatur et error. Consequatur qui ea perferendis beatae.', 1, '2019-04-07 04:34:48', '2019-04-07 04:34:48'),
(272, 20, 'Mr. Kenny Weissnat I', 'Suscipit ipsa distinctio rerum accusantium. Iste voluptate magni sed dignissimos similique expedita deleniti quia. Delectus temporibus est suscipit distinctio. Voluptas nemo consequuntur nulla impedit non distinctio deleniti.', 1, '2019-04-07 04:34:48', '2019-04-07 04:34:48'),
(273, 88, 'Mr. Alfonso Feeney', 'Aut doloribus quos enim officia cumque beatae voluptatibus dolorum. Dolorem saepe quia beatae nam quibusdam quidem impedit aut. Aspernatur voluptatibus et minus nemo inventore illum.', 3, '2019-04-07 04:34:48', '2019-04-07 04:34:48'),
(274, 68, 'Thurman Conn', 'Magni error maiores autem voluptatem assumenda. Rerum eveniet atque odio voluptas nisi. Dolores animi dolor consequatur suscipit expedita quaerat. Hic dolorem quo omnis non fuga sequi.', 0, '2019-04-07 04:34:48', '2019-04-07 04:34:48'),
(275, 90, 'Prof. Beulah Bednar DVM', 'Aliquam dicta non voluptatum. Error sed quisquam qui quasi fuga molestias nostrum modi. Quos ut neque ut ut qui id.', 2, '2019-04-07 04:34:48', '2019-04-07 04:34:48'),
(276, 96, 'Prof. Merle O\'Hara', 'Voluptate voluptatem ea accusantium doloremque culpa commodi. Officiis et fugiat iusto sit similique. Debitis id laboriosam sint consequuntur. Quis numquam esse alias atque corporis eos.', 3, '2019-04-07 04:34:48', '2019-04-07 04:34:48'),
(277, 69, 'Phoebe Jakubowski', 'Saepe sed impedit maxime itaque. Et odio et porro doloribus. Eius incidunt iusto dolores.', 4, '2019-04-07 04:34:48', '2019-04-07 04:34:48'),
(278, 70, 'Bart Yost Sr.', 'Aut labore harum ipsa temporibus. Exercitationem fuga laboriosam explicabo error doloribus omnis. A assumenda expedita minima dolores accusantium neque.', 3, '2019-04-07 04:34:48', '2019-04-07 04:34:48'),
(279, 31, 'Miss Katlyn Mann', 'Corporis praesentium consequatur quibusdam qui ratione in. Totam quis blanditiis ad delectus voluptatem consequatur. Natus quia consequuntur perferendis voluptatem fuga temporibus voluptatem. Magnam suscipit explicabo consequuntur nulla nemo. Doloremque ullam labore ut.', 5, '2019-04-07 04:34:48', '2019-04-07 04:34:48'),
(280, 90, 'Fanny Smith', 'Quia sunt explicabo voluptatem sunt occaecati facere aliquam. Dolor tempore culpa ea eaque nostrum ea. Ea officia doloremque officia adipisci nostrum illum.', 5, '2019-04-07 04:34:48', '2019-04-07 04:34:48'),
(281, 66, 'Rodger Senger Sr.', 'Aut deserunt beatae porro. Aliquam nihil non a et vel dolorem officia. Quis facilis numquam enim possimus facilis.', 5, '2019-04-07 04:34:48', '2019-04-07 04:34:48'),
(282, 96, 'Amalia Hauck', 'Odit aut amet quia deserunt qui voluptatem. Et laudantium dolor omnis et sunt assumenda autem. Deleniti qui et veniam excepturi maxime. Consequatur qui perspiciatis nesciunt omnis.', 5, '2019-04-07 04:34:48', '2019-04-07 04:34:48'),
(283, 70, 'Dr. Freeda Ziemann Sr.', 'Numquam labore et iure debitis autem. Eaque sint repellat accusamus reprehenderit recusandae dignissimos hic. Magni mollitia quae placeat earum aliquid et aliquid. Occaecati quia sint eveniet blanditiis sint qui laudantium.', 2, '2019-04-07 04:34:48', '2019-04-07 04:34:48'),
(284, 19, 'Dr. Merl Towne', 'Vitae fuga laborum laboriosam rerum aut non. Nobis nemo iure sit vitae consectetur nulla in. Quia ex qui ut doloribus assumenda eius.', 4, '2019-04-07 04:34:48', '2019-04-07 04:34:48'),
(285, 54, 'Ms. Blanca Rogahn I', 'Amet qui fugit tempora quaerat ut eaque. Rerum veniam tempore ducimus laborum vitae at. Ad odit non aut necessitatibus aut.', 5, '2019-04-07 04:34:48', '2019-04-07 04:34:48'),
(286, 33, 'Terrence Dietrich', 'Et necessitatibus officia placeat quos aut praesentium. Eaque odio qui nam similique odio eveniet. Voluptas ut voluptas eius sit recusandae voluptas. Facere eos et aut quod delectus sit ratione.', 2, '2019-04-07 04:34:48', '2019-04-07 04:34:48'),
(287, 10, 'Gaetano Tillman', 'Ullam est qui ipsam quo laborum. Et ex et et ducimus sed. Minus minus culpa velit quisquam. Ut dolore est ut error quaerat.', 3, '2019-04-07 04:34:48', '2019-04-07 04:34:48'),
(288, 2, 'Dr. Scarlett Lockman', 'Tenetur blanditiis sed alias fuga autem dolores et. Quaerat est possimus facere voluptas. Voluptates rerum ut magni est ut nisi.', 1, '2019-04-07 04:34:48', '2019-04-07 04:34:48'),
(289, 52, 'Stella King', 'Occaecati libero optio ipsum rerum. Aliquid ipsam in debitis ducimus. Perferendis voluptas quis id temporibus dignissimos asperiores consequuntur. Sunt atque debitis ipsum dolore maxime.', 4, '2019-04-07 04:34:48', '2019-04-07 04:34:48'),
(290, 6, 'Christelle Metz', 'Illo laudantium unde ut. Eveniet corrupti non alias est. Et optio eveniet deserunt distinctio non. Amet vitae rem hic nisi enim vitae consequatur eum.', 2, '2019-04-07 04:34:48', '2019-04-07 04:34:48'),
(291, 63, 'Prof. Zelda Toy I', 'At neque tempore reiciendis magnam voluptatem expedita et. Ex mollitia est explicabo qui qui aut dicta. Est est occaecati doloremque non et praesentium ad.', 1, '2019-04-07 04:34:48', '2019-04-07 04:34:48'),
(292, 32, 'Prof. Adrain Ledner DVM', 'Quisquam ab consectetur est voluptatem. Eaque labore facilis soluta.', 0, '2019-04-07 04:34:48', '2019-04-07 04:34:48'),
(293, 4, 'Mr. Gillian Kunde', 'Modi aut sint explicabo occaecati. Aspernatur esse nostrum est rerum quia laboriosam neque ut. Earum non optio aut quia occaecati soluta et.', 4, '2019-04-07 04:34:48', '2019-04-07 04:34:48'),
(294, 73, 'Esta Ullrich', 'Temporibus sit nihil quos expedita quis. Est molestiae voluptatem dolorem nam. Molestiae a hic perferendis eveniet.', 3, '2019-04-07 04:34:48', '2019-04-07 04:34:48'),
(295, 82, 'Germaine Eichmann IV', 'Dolorem quasi est dolorum adipisci asperiores. Quo quod dolore blanditiis. Ut nesciunt eos et error blanditiis. Nemo ipsa ducimus minima maiores quis.', 0, '2019-04-07 04:34:48', '2019-04-07 04:34:48'),
(296, 2, 'Dr. Wilmer Adams II', 'Possimus et dolore quasi atque. Sed nam et natus omnis rerum commodi libero saepe. Qui architecto similique laborum ex nobis. Repellendus fugiat consequuntur ut facilis. Non inventore aut molestias sequi sint harum quia.', 2, '2019-04-07 04:34:48', '2019-04-07 04:34:48'),
(297, 76, 'Willis Sawayn', 'Vitae recusandae quisquam harum quidem distinctio soluta. Autem soluta placeat ad natus odio distinctio. Quia facere et molestiae.', 4, '2019-04-07 04:34:48', '2019-04-07 04:34:48'),
(298, 27, 'Carlee Cremin', 'Sapiente porro ab maxime. Tempore laudantium iure non cum optio ullam. Est ipsam rerum quia ut ut cum.', 0, '2019-04-07 04:34:48', '2019-04-07 04:34:48'),
(299, 94, 'Savannah Rice', 'Excepturi est iure provident facilis sit dolor consequatur ab. Vel qui esse officiis qui officiis laudantium. Sed quae inventore officiis est.', 1, '2019-04-07 04:34:48', '2019-04-07 04:34:48'),
(300, 32, 'Emery Goodwin', 'Qui nemo repellendus aut fugiat consequatur. Mollitia facere distinctio deleniti adipisci. Velit et ea et facere doloremque. Rerum quam et necessitatibus.', 4, '2019-04-07 04:34:48', '2019-04-07 04:34:48');

-- --------------------------------------------------------

--
-- Table structure for table `users`
--

DROP TABLE IF EXISTS `users`;
CREATE TABLE IF NOT EXISTS `users` (
  `id` int(10) UNSIGNED NOT NULL AUTO_INCREMENT,
  `name` varchar(255) COLLATE utf8mb4_unicode_ci NOT NULL,
  `email` varchar(255) COLLATE utf8mb4_unicode_ci NOT NULL,
  `password` varchar(255) COLLATE utf8mb4_unicode_ci NOT NULL,
  `remember_token` varchar(100) COLLATE utf8mb4_unicode_ci DEFAULT NULL,
  `created_at` timestamp NULL DEFAULT NULL,
  `updated_at` timestamp NULL DEFAULT NULL,
  PRIMARY KEY (`id`)
) ENGINE=MyISAM DEFAULT CHARSET=utf8mb4 COLLATE=utf8mb4_unicode_ci;
COMMIT;

/*!40101 SET CHARACTER_SET_CLIENT=@OLD_CHARACTER_SET_CLIENT */;
/*!40101 SET CHARACTER_SET_RESULTS=@OLD_CHARACTER_SET_RESULTS */;
/*!40101 SET COLLATION_CONNECTION=@OLD_COLLATION_CONNECTION */;
